tId,dataPullType,FromZone,ToZone,DataSize,TotalDuration,TriggerStepClientDuration,TriggerStepServerDuration,DataPullDuration,DataPushDuration,ComputeDuration,DataMasterPullCall,DataPeerPullCall,DataMasterPushCall
RjGbA3NPREeDhqcLdc7cqg==,local,null,null,0,81,80,47,2,21,43,0,1,19
OkFkh8h2DUSTj9d3/iCReQ==,none,null,null,0,0,0,0,0,0,0,0,0,0
7AJ0kZsZ2kGCYVKtOEVkcQ==,remote,edge1,cloud1,1048576,1691,1690,1046,998,19,46,17,307,16
otWQ2dIGI0G3pQqxJ9HFyQ==,remote,edge1,cloud1,1048576,1973,1972,1385,318,23,46,16,316,17
iw+WFp+z3UGmc0KOsl5XZA==,remote,edge1,cloud1,1048576,470,470,432,366,29,64,19,365,21
rpdgV3QolEik9hMwAvttIw==,none,null,null,0,0,0,0,0,0,0,0,0,0
g4jkJB1+20yOdwF50MC+Kg==,local,null,null,0,82,81,48,2,21,44,0,1,18
+yTDe8+CfEmcpuRVRgUVxw==,remote,cloud1,cloud1,1048576,129,127,94,49,21,42,17,48,17
oWZt0SDegk681X+Q/Tb6hw==,remote,edge1,cloud1,1048576,420,418,384,339,20,44,17,337,16
GHz7DLc/4EuKE73FV31xhg==,local,null,null,0,131,128,115,6,18,101,0,11,1
5uX9JH3SQ06QbcaKTpDdoQ==,remote,edge1,cloud1,1048576,487,484,447,376,32,66,18,365,24
KKHB6164DES0xtt15/mh9w==,remote,cloud1,edge1,1048576,382,381,378,350,9,26,1,348,1
0DpAYnUlN0Gah+QGctSkFA==,remote,edge1,cloud1,1048576,415,413,362,318,20,43,17,314,17
lPu1CLg+Pkutmgus4wCuFA==,remote,edge1,cloud1,1048576,440,438,404,354,21,47,19,352,19
2ftT1gcy/0aB6kr1bqkamw==,none,null,null,0,0,0,0,0,0,0,0,0,0
XRCt0ad4F0u90BbEeGqnhQ==,remote,edge1,edge1,1048576,1808,1803,1800,785,991,1004,3,60,2
ETvO3wojQE2XujJJZQq3jg==,local,null,null,0,124,117,99,24,23,63,0,15,5
ijEnoEZbpEyof36/mGKa1w==,none,null,null,0,0,0,0,0,0,0,0,0,0
S6eMTYHWhkKFxK5FwFo/Xg==,local,null,null,0,1884,1883,1848,3,1815,1842,0,3,17
3Z9I5Y+J50WScc+wSmxoAg==,remote,cloud1,edge1,1048576,1934,1931,1929,1913,5,13,2,329,1
k4MujNGjTEy4g3rgn5hgDQ==,remote,cloud1,cloud1,1048576,703,702,668,50,572,612,17,48,18
xzTiFin5fkWcGSxfzKorJA==,remote,edge1,edge1,1048576,1771,1768,1739,1725,5,11,8,46,1
r+3FAjggSE+En+DAVSU1vw==,remote,edge1,edge1,1048576,125,118,108,76,9,25,1,76,2
gFrK8OmLekyPnhxwGL/lrw==,local,null,null,0,158,158,157,12,31,135,0,12,19
UDy1LJ76ZEyFaonju1lcMA==,local,null,null,0,53,52,50,5,14,41,0,2,3
oC/A6MlloUig1k8B5lzs+w==,remote,cloud1,cloud1,1048576,475,474,133,42,20,48,16,41,16
YlWxLvg0IkOBQq9fjnjacg==,remote,edge1,cloud1,1048576,807,805,403,339,21,44,18,335,18
A2UtozUQrUOwtAK+x87bmQ==,remote,cloud1,cloud1,1048576,146,142,109,57,23,50,18,56,19
HenKbMayZkeJznrEpNbNWA==,remote,edge1,edge1,1048576,102,96,89,68,8,15,2,62,2
YrZWObhjHkaN/AXnkCs4nA==,remote,cloud1,cloud1,1048576,142,141,107,62,22,44,18,60,18
iYAnm1YoXEyon63w/ecROw==,remote,edge1,cloud1,1048576,404,403,368,322,20,44,17,321,17
AengGX/WR02GvQrK5EvtBA==,none,null,null,0,0,0,0,0,0,0,0,0,0
iFMcBSxAskeJ0HQ27jxSkQ==,none,null,null,0,0,0,0,0,0,0,0,0,0
QvQn3VWbV0Oha2a6HxxPWw==,none,null,null,0,0,0,0,0,0,0,0,0,0
s3uCS2GaOE6JvCNs57WizQ==,remote,edge1,cloud1,1048576,1328,1328,1294,1238,21,50,17,354,17
7GmXgNBmm0S5JOQbj6b6Tw==,remote,edge1,cloud1,1048576,412,411,377,333,21,43,18,332,19
YzuEuz4sq0iCc5fYYW8L/A==,local,null,null,0,176,174,172,4,49,163,0,2,41
9+wnPmZqgUqgmA/Wwf8S+Q==,remote,cloud1,cloud1,1048576,147,146,113,65,22,46,18,64,18
qmowM5Qe/UKhxZtIm8jkXw==,remote,edge1,cloud1,1048576,490,475,441,379,31,61,17,369,21
sbvK4Zh6sUOK6nHS9l6zVw==,remote,cloud1,edge1,1048576,418,415,411,368,11,39,1,366,2
ZEJKXSDPuUWIOpx78BlA+w==,none,null,null,0,0,0,0,0,0,0,0,0,0
mIfUnFgpoEGrVIe2FBuHaQ==,none,null,null,0,0,0,0,0,0,0,0,0,0
AyEswUU3S0CTvuKlMM4r2g==,none,null,null,0,0,0,0,0,0,0,0,0,0
LmjweB/WP0yn9qcWBDD9Iw==,remote,edge1,cloud1,1048576,415,414,381,333,20,46,17,333,16
0VKxovtLtEuZfLNm3pjOlQ==,remote,edge1,cloud1,1048576,500,486,450,384,24,63,20,379,17
72Q96VTfhki6ogKJx6erPQ==,none,null,null,0,0,0,0,0,0,0,0,0,0
wqF4C4+15ESNrhWxqiYqYA==,none,null,null,0,0,0,0,0,0,0,0,0,0
OWTPyIaWBUSI4FtbuEFMXw==,remote,cloud1,cloud1,1048576,136,135,102,52,20,48,18,51,17
vQDfOddgWEeq/l9XyLtb+A==,remote,cloud1,edge1,1048576,370,368,365,323,16,27,2,323,3
gkBS4a1/xU2ouvUsGHWm0Q==,local,null,null,0,122,120,102,17,22,74,0,14,4
2IvJjAtPZE2Zz9TmNOa0aQ==,none,null,null,0,0,0,0,0,0,0,0,0,0
eAUQWIMbO0i0KWOlzURLLg==,remote,edge1,edge1,1048576,56,56,53,28,9,21,2,27,2
uE7CaSZlL0uOxdU8toZI2Q==,remote,cloud1,cloud1,1048576,489,487,212,71,20,44,17,70,17
L88e8MK2aEyZUv0/Y/PFnA==,none,null,null,0,0,0,0,0,0,0,0,0,0
CGWdUIvUU0WY7tbP7vlhFA==,remote,cloud1,edge1,1048576,1637,1636,1632,1613,5,16,1,309,1
FA16doj9ck+9y7RCo9MzVw==,remote,edge1,cloud1,1048576,492,488,450,363,29,73,19,360,21
HxbIDZv560KbBxda6lU2ig==,remote,cloud1,cloud1,1048576,132,132,98,53,21,42,18,51,17
v2vZd5ZWfEKBkDp5dPijnA==,remote,cloud1,edge1,1048576,377,376,372,347,12,20,1,346,8
vvfzmZ5Ul0S93m80u402Wg==,local,null,null,0,1897,1896,1861,820,1009,1038,0,5,17
nK/vX9okQUKrjLySCzzvEg==,local,null,null,0,675,674,664,605,23,51,0,4,6
SeONZCllXkq6542yB1g6cw==,none,null,null,0,0,0,0,0,0,0,0,0,0
2wNPTBRuqkiAsq+Ab2T6MQ==,remote,edge1,cloud1,1048576,490,490,459,386,21,60,16,379,17
tpH30k4FWEin4/ss7pqhvg==,remote,cloud1,edge1,1048576,327,326,322,307,5,11,2,305,2
mLo/DlwxHECHXSlLM+Sr/w==,remote,edge1,edge1,1048576,110,108,103,75,6,24,2,68,1
pQY/d9Tu2keDXrONP/YIpw==,remote,edge1,cloud1,1048576,430,429,395,342,22,48,18,341,19
3DZJwJdWVE63up8MEO4mng==,none,null,null,0,0,0,0,0,0,0,0,0,0
D4QHrgA09UumCixjjvk48g==,local,null,null,0,663,659,626,6,574,613,0,4,18
79IvJsOFfk+vnQvPOmzIAQ==,none,null,null,0,0,0,0,0,0,0,0,0,0
6dzzxhcI3kGwRh1yI3rBuA==,none,null,null,0,0,0,0,0,0,0,0,0,0
4aVR9VsS6UmaImcoq/dQAg==,remote,edge1,cloud1,1048576,458,457,423,373,23,47,20,371,19
PCp2FD5XMEu1N8prG6wwDA==,local,null,null,0,81,81,47,2,22,43,0,1,19
FqpK9KfzyU6KLOvnbTcJqA==,none,null,null,0,0,0,0,0,0,0,0,0,0
Y8KGDDQeBEKxkZyDF3KQ5A==,remote,edge1,edge1,1048576,83,83,79,45,15,31,1,43,1
2B2YoWpFE0SiyBREFNLjGQ==,none,null,null,0,0,0,0,0,0,0,0,0,0
U53NVMaE7UKy3LZprq0igg==,remote,edge1,cloud1,1048576,1124,1124,1090,1044,20,45,17,337,17
kVhiX+4Tzkqx7suLpud8sQ==,remote,cloud1,edge1,1048576,351,351,345,325,6,17,1,324,1
88JUTks3RkyhUP7gcLDHHg==,local,null,null,0,148,147,131,21,18,95,0,18,12
yVxDcKKLt0OpW43iXGEjKA==,none,null,null,0,0,0,0,0,0,0,0,0,0
zlFvz6cEyUqVxX+6UYfE9g==,local,null,null,0,674,673,672,604,27,54,0,4,8
Ncb7VhAmoEWz/b4UTE1K+g==,local,null,null,0,36,36,24,4,5,18,0,2,2
SMkoNq+7+EW6xTbDyR/+9A==,remote,edge1,cloud1,1048576,831,830,417,374,21,41,18,372,19
NBSB1sfGpEWCY77cCUEtcA==,remote,cloud1,cloud1,1048576,136,135,102,58,20,41,17,57,17
bVlK9DFfUkigGBb895hJTQ==,local,null,null,0,84,83,50,2,21,46,0,2,18
4S5AhIz2zEyXH6OTTb9hFw==,remote,edge1,cloud1,1048576,477,477,439,366,29,69,17,360,17
vRaySAumEEWjA5zVYVEhKA==,local,null,null,0,680,680,673,604,27,62,0,1,13
Kv9XLuV2W0KWQDgi9ghEuA==,none,null,null,0,0,0,0,0,0,0,0,0,0
Fm+SzS3UFkKgQ6H/DpHw6w==,remote,edge1,cloud1,1048576,421,418,385,327,21,55,17,322,17
b0ZGdenCnkqL1ByJlaY1uA==,none,null,null,0,0,0,0,0,0,0,0,0,0
aiAmEAlmkEWHmB+3Uen1Gw==,remote,edge1,cloud1,1048576,464,462,427,368,29,57,17,368,19
1VsOcOrf306EGkxWsCpeFg==,local,null,null,0,731,730,713,10,10,39,0,5,2
sddz9WVuSk+q9c1jSUFPHQ==,none,null,null,0,0,0,0,0,0,0,0,0,0
oQ/z/d0b3Uu95U2HrvgPTA==,local,null,null,0,108,107,72,14,22,56,0,8,18
xdeKS2+vi0yn7vZG2KDd4Q==,remote,cloud1,cloud1,1048576,128,127,94,48,20,45,17,47,17
QxuliOyYqEOJ+Jfu4UdZfw==,remote,cloud1,cloud1,1048576,154,153,119,64,22,48,18,59,18
55wtnHFFNEKsXdRDYzzG0g==,none,null,null,0,1,0,0,0,0,0,0,0,0
IutSDf8ICESTVEnPTGsNTw==,remote,edge1,cloud1,1048576,442,440,407,357,21,47,19,356,18
MvePB5jNwUeE7IF19XN8iw==,remote,cloud1,cloud1,1048576,175,174,139,55,35,82,17,47,25
PaD4ijPNj02ckvfB5SGUEA==,local,null,null,0,173,173,163,5,54,157,0,1,3
8lgMo8qaOkCMCsJBXsMm0w==,remote,edge1,cloud1,1048576,403,402,367,320,20,42,17,320,17
AQxBQGjBn0i81pyv5BdsYA==,remote,edge1,cloud1,1048576,426,426,388,342,21,43,17,342,18
