tId,dataPullType,FromZone,ToZone,DataSize,TotalDuration,TriggerStepClientDuration,TriggerStepServerDuration,DataPullDuration,DataPushDuration,ComputeDuration,DataMasterPullCall,DataPeerPullCall,DataMasterPushCall
usEJq5b6f0m6aIeHNjh9Vg==,remote,edge1,edge1,1048576,905,902,900,738,21,152,2,234,2
9Wk2KhmrOUGMlvkB+gAQBQ==,remote,edge1,cloud1,1048576,585,578,543,415,29,127,17,412,19
uB8fpSX96UOihh7Qi/aVdw==,none,null,null,0,1,0,0,0,0,0,0,0,0
frhr7dar6ECdjtx3hiLiKQ==,local,null,null,0,1070,1069,1064,6,17,1052,0,7,3
O4hBoaZZMEO2ePbNBnJfcw==,local,null,null,0,148,144,109,7,42,87,0,3,26
NIeeCAcF+EmJl4UcGmWF/w==,local,null,null,0,173,173,161,31,43,124,0,11,14
plg0mTNe2ka8CIESOT8oOA==,local,null,null,0,364,363,309,115,71,179,0,88,24
RfuehN+nUEuK32jKP7rcEg==,local,null,null,0,1499,1498,1407,288,40,802,0,36,20
hbKUPrgYxESFmFh8/EsGog==,remote,edge1,cloud1,1048576,555,552,516,460,23,52,17,458,19
pmEB/78030aBBDHDJKwrDA==,local,null,null,0,665,655,641,15,586,622,0,6,6
PPWucKKqeUmCLKh6c6ogSA==,local,null,null,0,234,230,183,32,38,142,0,6,20
2zSr/FrehkaQgltuqI333w==,local,null,null,0,1062,1062,1052,15,1005,1035,0,3,1
aum3zIJL8kKeU10o1sTD9g==,remote,edge1,cloud1,1048576,1643,1641,1608,1548,22,53,43,399,17
vGxqz4YM0kCWhq0qwX0Rxw==,remote,edge1,cloud1,1048576,2684,2677,2537,1430,35,147,20,452,20
8FHc4OS89UGg2WWC7NI1Ew==,local,null,null,0,150,149,140,32,18,100,0,3,4
bsFgS8lWy0WtXoTjaTsxig==,remote,edge1,cloud1,1048576,573,572,536,433,42,102,17,413,29
l3UT7F0f+UqOAjDeSch1Cg==,none,null,null,0,1,0,0,0,0,0,0,0,0
BQ1VaL11BU6TGbaFGVSh3Q==,local,null,null,0,113,112,75,2,33,67,0,1,20
1+KsTNttyEqcEQypqasU7A==,local,null,null,0,2729,2728,2646,1911,23,502,0,6,17
KoJsZOpR2UeYHJGZU+59CA==,local,null,null,0,52,50,39,4,12,23,0,3,3
N/MQxr38M0ihfMhh585b7A==,local,null,null,0,782,781,774,26,93,741,0,5,14
tUZSeg/Mz0ahGf/n42RY6g==,none,null,null,0,0,0,0,0,0,0,0,0,0
R7B4kuBAE0Kwuwe1h//k2w==,local,null,null,0,129,128,114,34,15,73,0,7,6
vUXulgpmq0SUHBpqTOQTzA==,remote,edge1,cloud1,1048576,502,502,463,412,24,48,18,409,19
HSYydp5obkiuBGo0s/I9KA==,local,null,null,0,88,86,81,27,9,47,0,18,2
3bBrVX55c0+CXZdYpI8cKg==,none,null,null,0,0,0,0,0,0,0,0,0,0
wS5EaEBd3EC6iPRIfl2CTg==,local,null,null,0,59,58,52,33,4,17,0,10,1
EQ+28eaIEUmam6hXoB+ggg==,none,null,null,0,1,0,0,0,0,0,0,0,0
uf56MYBPlUGLe9GU7NywKw==,none,null,null,0,0,0,0,0,0,0,0,0,0
7/rZtidXpEO54PD3gmamUQ==,local,null,null,0,79,77,67,18,11,42,0,7,6
YUqRdd4NhEOGB+8CLV9tDw==,remote,edge1,cloud1,1048576,513,512,477,427,22,47,17,428,18
27jQtoD52UCOS57kHhglYA==,remote,edge1,cloud1,1048576,1638,1636,1603,1546,23,53,25,375,17
TGGOlCbRoUevQTapUCYRsA==,local,null,null,0,160,157,149,17,30,108,0,7,2
tPK13s9MuEmqMthz94B/JQ==,local,null,null,0,91,90,84,16,30,65,0,11,11
EMZSelbrgUSXbud0csC4EQ==,local,null,null,0,129,129,93,12,25,72,0,3,3
ArrNkchNQ0KnGEYZ/dvaSQ==,remote,edge1,edge1,1048576,233,233,231,116,40,109,4,106,2
QEHQ/Z9MzEe7uJx2k5K3rw==,remote,edge1,cloud1,1048576,570,561,526,439,25,82,20,438,16
dqXOKpqESUCoF8TpmKmHxg==,remote,edge1,cloud1,1048576,725,724,602,484,43,81,30,464,28
YixmrZ5ccEOMKACi7MXfSw==,local,null,null,0,140,139,133,17,31,112,0,7,2
gczR+stSU0GD+fmWflfQDA==,local,null,null,0,262,261,213,85,42,120,0,8,20
3WjedC7nNkmnULVIg5yDCw==,remote,edge1,cloud1,1048576,551,550,496,445,22,48,23,442,17
3+rQDqHbb0Ko4FoWBelqNg==,local,null,null,0,113,112,108,57,37,48,0,17,7
+j8Ov8QcpEe8yUMEC0ywqQ==,remote,edge1,cloud1,1048576,531,529,492,451,19,39,20,448,16
gZ/SNffAhEKW20myooSAWg==,local,null,null,0,664,655,640,17,587,616,0,3,1
xG4nno3AkESJZZ9b99BWqg==,none,null,null,0,0,0,0,0,0,0,0,0,0
pKnRyxgdlUSrbAR73M5scw==,local,null,null,0,107,103,57,5,20,49,0,3,17
H87BGZBNwUWdYkh0HQXy7A==,none,null,null,0,0,0,0,0,0,0,0,0,0
DX8TtZOBTU6yfrdfECn9VA==,local,null,null,0,104,102,63,2,22,59,0,1,17
cMyx+AkvkUe1yoYtgFZGGQ==,local,null,null,0,2730,2729,2637,1908,23,503,0,6,17
vPCuKibaWUeWiAS7IZ+6VA==,none,null,null,0,0,0,0,0,0,0,0,0,0
RZ0URXTNNUyYO+Jv/YVI3A==,remote,edge1,cloud1,1048576,575,571,530,475,22,51,17,473,17
F1toL455SEafkEx6yrvgyQ==,local,null,null,0,90,90,82,31,9,49,0,3,2
ubC3UMpzuEGY3TJOJBQObg==,remote,edge1,cloud1,1048576,571,567,524,474,22,49,17,472,18
PTI9MVqpE0qO3kKMf2teng==,none,null,null,0,1,0,0,0,0,0,0,0,0
0nQi61gzwEarL22ziAcXVA==,none,null,null,0,0,0,0,0,0,0,0,0,0
DMHtnuBiwEKacPLlGbRQkw==,local,null,null,0,48,46,42,9,10,27,0,5,4
HkO6fjUacEyyl35SCPzoYA==,local,null,null,0,108,106,68,3,25,62,0,1,17
5kE+jmHGNkCMXI9aPi9pIw==,local,null,null,0,103,101,68,3,34,61,0,1,27
jWU7kq6QDk2vZfUUBJdiBw==,local,null,null,0,100,90,83,24,24,55,0,2,2
oCPVDDfWcUCMy+1VWNMMCw==,local,null,null,0,250,243,202,29,46,131,0,17,19
dGTH/mcvkUaRBqQwllC9IA==,none,null,null,0,0,0,0,0,0,0,0,0,0
d+X4Bxogr0OfosSec4LpTQ==,local,null,null,0,103,98,61,2,27,58,0,1,17
HnKxyj9oikm9Soc/kQRR9Q==,none,null,null,0,3,0,0,0,0,0,0,0,0
PBT6HDKIGEepPg1IMcjtDw==,local,null,null,0,204,202,149,43,58,103,0,13,29
3U1XAk0W0kGBW3pl/Mqq/w==,remote,edge1,cloud1,1048576,584,583,543,381,57,123,27,380,21
XkVwTvaEF0KRdcfVmIkkxQ==,local,null,null,0,1942,1942,1938,976,928,959,0,21,5
S2zfSEr99kqlAFXG7qc9Bw==,remote,edge1,cloud1,1048576,574,561,521,436,25,84,17,433,17
7kUw4DywaUCFuHZ8S49uqg==,remote,edge1,cloud1,1048576,593,592,554,482,21,57,17,481,18
Rer5NNOVKE+Gw7eybPrx+g==,none,null,null,0,0,0,0,0,0,0,0,0,0
oyxWx69gk0Ofn5X2C2D8kA==,none,null,null,0,2,0,0,0,0,0,0,0,0
rn31jXDy4USfVFQEn0t9Ig==,local,null,null,0,2725,2725,2592,1012,29,502,0,2,18
WARMYRn75E+Gsz55dkXhEQ==,remote,edge1,cloud1,1048576,542,541,500,424,37,61,23,423,25
DzPjWHFJ7kSXb/hmgEiZSg==,local,null,null,0,1007,1006,1000,959,16,38,0,6,5
+c7fnXVSQUieypXVXCIEhg==,remote,cloud1,cloud1,1048576,282,280,245,151,33,87,17,145,17
5NRKlQhocEKOP8alwDsHyA==,local,null,null,0,245,243,181,15,37,162,0,9,20
xBaBQf0pxUyIhJk1dVsmpw==,none,null,null,0,0,0,0,0,0,0,0,0,0
l5rLRSsKeEO/vkdVuvVFtg==,remote,edge1,cloud1,1048576,2009,2007,1973,1881,23,79,18,337,18
qq7vk3eGLkGe087aAL6iSg==,local,null,null,0,126,124,112,34,19,75,0,9,3
WxMuZYa2IkeOYcuGZJ4SRw==,remote,edge1,cloud1,1048576,524,522,482,430,21,49,18,429,17
barMzGxZUkeY9NhcXaFz4g==,remote,edge1,cloud1,1048576,2678,2672,2586,1832,29,581,17,381,19
YUayxg/OYkKdE1Cd+6bcHg==,remote,cloud1,cloud1,1048576,280,278,241,151,35,83,17,131,22
Yzpg8fnGGk6nI/maeJorww==,remote,edge1,edge1,1048576,238,238,231,98,43,122,1,92,4
iLLrIOZAQ0+awERooZ4XlQ==,local,null,null,0,85,84,79,17,19,57,0,12,2
XFncCSIvOkqOFCFswsvJ0w==,local,null,null,0,109,109,102,41,8,57,0,20,3
yYgTHoiRcky9mQ8S8MVZ9Q==,local,null,null,0,1973,1971,1946,984,928,958,0,41,4
vUQ9z8hQ8UW1+sKuTQaF7g==,local,null,null,0,135,125,119,23,58,91,0,6,1
BPEeJ4ReOUSALVQhCP1jwQ==,remote,edge1,cloud1,1048576,560,555,520,420,42,98,17,409,22
4rsczTl2REiNf0+S37bL8Q==,local,null,null,0,164,162,157,22,33,132,0,9,19
h0/i3+2VKEyJ3WAcUKcqBg==,local,null,null,0,117,114,71,9,25,59,0,4,20
r8IsNkwwlU+z85ByCClT8A==,none,null,null,0,0,0,0,0,0,0,0,0,0
DNk/75Oc+EuhJxyQq8fzBg==,none,null,null,0,0,0,0,0,0,0,0,0,0
TCHulTjBYkaI3kcIbcmW5A==,local,null,null,0,136,133,103,29,29,71,0,16,4
mhyfiROhRUGrZG27HNzmOA==,local,null,null,0,1487,1486,1408,288,47,797,0,58,28
fQl1PhiLg02t4/lykZEs5w==,local,null,null,0,110,109,76,3,33,70,0,2,17
ssq+YzBJBEyK+jaJup8aVQ==,local,null,null,0,104,101,93,17,14,65,0,7,5
gCqNzfF08k2USRa/geocRA==,local,null,null,0,58,56,53,16,10,31,0,6,2
AbyYRFk5Yk+OZJLaNuqnSA==,remote,cloud1,cloud1,1048576,295,294,246,157,27,84,22,153,17
oUN9Gpa+ek6kD5Ndeb7Ojg==,none,null,null,0,0,0,0,0,0,0,0,0,0
7jrNRt2IQkmvIQSBJpxQGw==,local,null,null,0,779,777,774,56,627,705,0,12,12
Mwrl8RLkWk6dtjkKB4lidQ==,remote,edge1,cloud1,1048576,559,553,514,442,22,70,19,433,17
8QPeuwKXhESGMbDVGgHmHA==,local,null,null,0,71,70,42,10,8,27,0,3,2
PYbzFoxUrkWVls3IRm++Nw==,none,null,null,0,0,0,0,0,0,0,0,0,0
TTgbio/FGUO62K7CKnnbgA==,local,null,null,0,241,240,232,15,145,209,0,11,14
Cu6Zqm3nAEqYxosYb9Uo/Q==,remote,edge1,cloud1,1048576,586,585,547,469,23,76,22,468,17
36kUU/j2LUK7K6ObQYf3uA==,none,null,null,0,1,0,0,0,0,0,0,0,0
BZaVtK8drE2C7jDEOczS4w==,local,null,null,0,55,54,51,6,7,38,0,7,2
MZlgr+2fdk+4JQP5eCQ6GA==,local,null,null,0,315,312,275,29,70,214,0,7,43
PDTZcgYJ+EGezvxcLg/t1Q==,local,null,null,0,50,48,38,4,22,31,0,3,12
df8nAF5TR0W7XCQ1Kd4qkg==,local,null,null,0,59,57,44,14,11,28,0,12,2
7MOfps2cPE6HnOoycC/6fg==,remote,edge1,cloud1,1048576,2680,2675,2582,1828,37,574,16,340,21
3QG3r5KneEaxlyxd59cyAw==,none,null,null,0,1,0,0,0,0,0,0,0,0
dt0wOXbGd0OYhxQNtv8LDw==,none,null,null,0,1,0,0,0,0,0,0,0,0
VydkiSR1y0iFqJtS6pmdsg==,remote,edge1,edge1,1048576,108,103,95,50,19,41,2,42,4
nTb0F7iTU0Sz3DCpHdza2A==,local,null,null,0,54,51,44,6,5,33,0,4,2
kJh17i1+HEKXLH1iu3Bgvw==,local,null,null,0,1073,1073,1066,28,1009,1027,0,10,2
bwmXPl7xfUyV/mxt9OiMKA==,local,null,null,0,1011,1011,996,7,18,31,0,5,1
CZ4Te8khhEyOQkihPfOxPw==,local,null,null,0,126,126,119,21,74,93,0,6,21
Hw9QQsr2ekKO7WOVfLzo3A==,remote,cloud1,cloud1,1048576,448,447,405,327,28,73,22,326,21
jWNEYTUAtk6AjerbnuBMFA==,local,null,null,0,124,113,105,22,19,79,0,3,6
AwIAx5upSEO+DcM82EU7mA==,local,null,null,0,1485,1484,1371,284,50,802,0,9,17
Zzee9WdhUkqNplO63jSTfQ==,local,null,null,0,52,51,36,9,10,24,0,8,3
MfC+++4gWUeHWAKEWuxrFw==,remote,edge1,cloud1,1048576,531,528,489,424,27,61,18,418,17
gZLooH4E50apGxm8sTl3QQ==,remote,edge1,edge1,1048576,100,98,93,44,13,36,2,40,2
MI0niG2nBEqgOWzjXevfXw==,local,null,null,0,219,217,175,9,99,153,0,2,56
cSjKHfIb60eJQWwbwiLm3w==,local,null,null,0,76,76,68,8,18,55,0,6,2
FTLtkgCoREmb9aXSQpJEXA==,none,null,null,0,0,0,0,0,0,0,0,0,0
c7e7e5K6Z0yleKx1IzgcxA==,none,null,null,0,0,0,0,0,0,0,0,0,0
cTpWZcPfCkykUISOI+S3aw==,none,null,null,0,1,0,0,0,0,0,0,0,0
r/czj94xWUOz53HzKEXpmw==,local,null,null,0,123,122,105,10,44,92,0,4,6
ZJIppF3SPUGgkDsgK04Pfg==,local,null,null,0,1959,1958,1949,961,868,980,0,6,4
GSXVmTNYZ02cji9YYkFlhA==,remote,edge1,cloud1,1048576,482,479,444,367,38,70,18,364,17
Q2/cxW22JUCdSjSTpNJNzg==,local,null,null,0,54,51,48,18,12,23,0,7,2
6q+z5LnEo0WN6SYinTVmpA==,local,null,null,0,1035,1034,1024,959,16,62,0,2,4
dtOlUUtr7kyYkuHtRVpLjQ==,local,null,null,0,70,69,53,12,10,30,0,6,2
aQG8NYE1vUy27e05IeK1oA==,none,null,null,0,1,0,0,0,0,0,0,0,0
