tId,dataPullType,FromZone,ToZone,DataSize,TotalDuration,TriggerStepClientDuration,TriggerStepServerDuration,DataPullDuration,DataPushDuration,ComputeDuration,DataMasterPullCall,DataPeerPullCall,DataMasterPushCall
SPte/06Wp06cBB9Wkj51xQ==,none,null,null,0,0,0,0,0,0,0,0,0,0
POeWRKU+9UyoWwVvIOIF7Q==,none,null,null,0,0,0,0,0,0,0,0,0,0
mLRUOgK/2EetX5P6v5+5sg==,local,null,null,0,21,21,19,4,3,12,0,2,0
bSByp3z+ake99YmyfhGEuQ==,local,null,null,0,48,48,40,8,11,26,0,3,1
cIw5T0l6p0awrBloXFBSJQ==,local,null,null,0,60,60,54,5,8,48,0,1,1
xTjIsPy7nU2akis3K6tIuw==,local,null,null,0,23,22,21,2,4,14,0,1,0
h+KWcvWP1UKauGNeMNm+/g==,local,null,null,0,41,40,38,7,5,24,0,6,1
TbrzUWX990yl+xw2GNsB7Q==,none,null,null,0,0,0,0,0,0,0,0,0,0
PYUWFtFGxUeU+Ql6dLvwEw==,local,null,null,0,56,55,52,1,40,49,0,2,2
6xiWqJYD1k+tkYZcSd5jaw==,remote,edge1,cloud1,1048576,106,87,74,61,3,11,3,61,0
ysm7M6atdU+voeLWX3qnfQ==,none,null,null,0,0,0,0,0,0,0,0,0,0
m22sUIhiyk+GTHSHbxqZgQ==,local,null,null,0,58,55,49,9,6,39,0,7,1
UT7ksQ2KZUG6SgC5fyFE8w==,remote,edge1,cloud1,1048576,72,65,62,42,7,18,2,41,1
L3a4WbkGEUyzZVEnlEYfrw==,none,null,null,0,1,0,0,0,0,0,0,0,0
OC0StVPO1EKd5vNYuKqTdA==,local,null,null,0,46,31,16,2,2,11,0,0,0
Ibw0+zCgJU6RFRfdhqNgmg==,local,null,null,0,25,24,22,13,4,8,0,15,1
LY0fBtdHCUq5vlIAvu5VaA==,local,null,null,0,91,91,87,65,4,19,0,56,1
ZguQttcLiUaOHCz1++KD2Q==,local,null,null,0,44,35,34,16,8,16,0,7,4
yOBuo+heo0aGtIYjSyOVlw==,local,null,null,0,60,51,47,4,8,37,0,3,1
0Ssb+ab4hUaIV33Ct/uwhg==,local,null,null,0,47,46,45,10,7,34,0,6,1
RVKZHnM+dUGTRGmuzL5+NA==,none,null,null,0,0,0,0,0,0,0,0,0,0
psHgVSSABE2vekSFBARsEQ==,none,null,null,0,0,0,0,0,0,0,0,0,0
FMRR9vHfqUCkrvqXi6ih2A==,local,null,null,0,16,14,12,3,3,7,0,1,0
UPw6Lzbf10St+dbiZTkLfA==,none,null,null,0,0,0,0,0,0,0,0,0,0
Vf/ev1WzVEKO7KRGk9cGPw==,local,null,null,0,85,78,77,6,29,55,0,2,1
E98vr96Hr0WLUDirfvJzBw==,none,null,null,0,18,0,0,0,0,0,0,0,0
jVgQzXnJN0KQUhQeK/cbhQ==,local,null,null,0,26,23,21,2,7,16,0,2,2
38uEsytS90GI69bv0jLipA==,remote,edge1,cloud1,1048576,106,105,101,56,2,42,1,33,0
/MjynkQ4ik64P6EpG8YDug==,local,null,null,0,57,55,48,2,8,43,0,1,1
uPZNXhQqrU+N1vPt0TdHiA==,local,null,null,0,28,27,26,5,10,19,0,1,1
51FP7n4K2UyxkQ2BnFZ16A==,remote,edge1,edge1,1048576,136,135,135,79,4,54,0,73,1
1xV7q5fXREWIFisLAXzZ3A==,local,null,null,0,42,32,28,10,7,14,0,2,2
HEltsMJzTUG1FtWAu85VHA==,local,null,null,0,47,38,37,5,7,21,0,2,0
4EyuXSE6OkOWlu/9ceRzzQ==,local,null,null,0,26,25,16,2,5,9,0,1,1
/GtM6fAK6UWRPUn9iFP2ww==,local,null,null,0,30,29,23,4,4,16,0,1,1
Uig4rRmmX0COk7ec/a2mdQ==,local,null,null,0,63,63,47,20,4,24,0,4,2
bek3hf6IIk6wJDUTk3eZWA==,local,null,null,0,45,35,32,7,11,24,0,4,2
ly+UeA8KfkuQM8mS2XbdIA==,local,null,null,0,86,79,63,6,37,49,0,2,1
JWVM5TmLvEyBG9lZ7QDCjg==,none,null,null,0,0,0,0,0,0,0,0,0,0
Gd0yNVnHt0irOTyqGg+YYg==,remote,edge1,cloud1,1048576,24,24,22,16,2,4,0,16,0
LafBco1tmkOyug/OrPxW6A==,local,null,null,0,42,35,35,2,8,30,0,2,2
lc1TrJ/7c0qWLpZH1Fe+vw==,local,null,null,0,50,47,33,9,15,22,0,3,0
sT9lbmxob0m/xk4dqcP+Ww==,local,null,null,0,37,37,31,5,8,24,0,1,5
MfZOpa/LSEW+f1n7zMLDKQ==,remote,edge1,cloud1,1048576,71,63,61,35,5,15,1,35,1
wRIJo0UxG0mAEI3yWbcpKQ==,remote,edge1,cloud1,1048576,63,63,58,36,9,19,2,36,7
yCM/NEt6vECLtg70FE/rjg==,remote,edge1,cloud1,1048576,173,155,144,91,5,51,3,82,2
qET6gX0gaUakrc7AHpK88g==,remote,edge1,edge1,1048576,71,63,54,32,5,19,9,30,2
VJXQ3KjAf0uZ9Afgl27bfA==,local,null,null,0,23,19,18,3,4,14,0,1,0
OEvKRNR5WEujWg0kiIlQ0A==,local,null,null,0,37,36,36,6,15,27,0,1,7
Fy48xqUXTE6HF/nylFpZWg==,local,null,null,0,38,37,35,3,13,30,0,2,10
SCQy1YBZzUWmXDjn3JAY7A==,local,null,null,0,29,29,27,6,9,19,0,3,1
EidwCeIaPUqZOIsww1/i7w==,remote,edge1,edge1,1048576,112,112,111,77,15,33,0,70,7
E2ibkUjRU0KdrWw6PsPuOg==,local,null,null,0,76,75,72,23,17,46,0,23,1
6Kpn0xnacUKBbmKr5eLSTQ==,remote,cloud1,cloud1,1048576,32,31,27,20,3,5,0,20,0
HZWZOwiJP0qTARkSRQjYUA==,local,null,null,0,22,21,20,4,6,12,0,1,0
/SlBxEjmVUq37l/EtSYb7A==,local,null,null,0,28,28,21,4,6,12,0,2,0
bYEyxzOvDka4jXsCxU9kwg==,remote,edge1,cloud1,1048576,74,73,72,52,12,19,1,31,8
paFTbTarwUmIs002ugSOFA==,local,null,null,0,33,32,30,13,7,15,0,4,4
z+a/ptcMLkCi64fa6VBN7Q==,remote,edge1,edge1,1048576,75,74,72,55,8,13,1,44,2
/d2A/8gIM0iaIE949RdUEQ==,none,null,null,0,1,0,0,0,0,0,0,0,0
W2FYnpZ50keXWw/E8Ru81A==,local,null,null,0,56,53,49,10,7,36,0,8,3
Z5Mqz5bNOkiA5c1E3vxiKA==,local,null,null,0,76,65,62,5,25,54,0,2,19
eZBAsWEEf0iE/xkXSQ9m9g==,none,null,null,0,0,0,0,0,0,0,0,0,0
GBCAAExRYEuO1ZnmlfbACw==,local,null,null,0,40,40,39,1,6,36,0,1,0
/ZsgAGtQMkWnru/mCx12fA==,local,null,null,0,40,39,33,9,7,21,0,1,4
aSGzNay420SwdfzFZeu2Tg==,none,null,null,0,3,0,0,0,0,0,0,0,0
xbMgnCLbgkG+lyvbVmuqAA==,local,null,null,0,75,71,63,6,7,52,0,2,3
R9VTZWy6eEmrziJDzY2UXQ==,none,null,null,0,0,0,0,0,0,0,0,0,0
T4nXbx+LDUCC8AkOfMz/ow==,none,null,null,0,0,0,0,0,0,0,0,0,0
b9oGU1+cv0y0Gipf1NVtBQ==,local,null,null,0,30,22,20,3,5,15,0,1,2
aQZzv2iO+k6PgKDmVcm6Jw==,remote,edge1,cloud1,1048576,128,112,108,78,4,26,1,77,1
dOrX9cGkh0W7oxbkq8pPgg==,local,null,null,0,23,19,20,1,5,15,0,2,2
4qXQ91/QOkiftGuIftMY+w==,local,null,null,0,41,33,31,4,16,25,0,2,1
p82id13BtUmS2RZawNlzvg==,local,null,null,0,89,89,88,23,31,59,0,20,4
MpLyGYbNSEuh3X1JOnm4WQ==,remote,edge1,cloud1,1048576,162,142,130,91,6,38,2,76,2
asF75WxMhkqVZt0x7k8I+A==,remote,edge1,cloud1,1048576,123,104,92,74,3,16,1,73,0
/+z2EQhT4kqS1jK+b2o3jQ==,local,null,null,0,38,38,36,4,6,29,0,1,0
fwi++mJXvUmvRWzgaAmiZw==,remote,edge1,cloud1,1048576,45,44,40,32,2,6,4,29,0
kal8qaZyc0+xWdfOi/6aOw==,local,null,null,0,36,36,33,8,4,22,0,1,1
2j6RLDNJwkeeQI7lCgGfKQ==,local,null,null,0,42,41,35,6,16,26,0,3,1
WfAYIAqEPUmUFFBNUYle7A==,local,null,null,0,54,51,48,3,8,41,0,2,2
//kUqjAmy0GeeP2PqO+FnQ==,remote,edge1,cloud1,1048576,51,51,49,15,2,33,1,14,0
ChHXU050xE+T+DB1yaVcKQ==,remote,edge1,cloud1,1048576,19,19,18,11,2,6,0,11,0
VpgU7HXXJ0W56KbqyzPUtw==,none,null,null,0,6,0,0,0,0,0,0,0,0
GYWwIVXMXkqnW7qiU0XJdw==,remote,edge1,cloud1,1048576,139,120,115,74,7,36,1,73,1
vo/1bxu+CkWJIZaGbEWXDA==,none,null,null,0,0,0,0,0,0,0,0,0,0
nAUFJnEp80CRHJGQ7a0+KQ==,local,null,null,0,15,12,11,3,2,7,0,1,0
w2snZ/HzSkCptYwEuauR4w==,local,null,null,0,39,38,35,13,9,20,0,2,3
IPY1nMn0BEe6ssBQgdLeRQ==,remote,edge1,edge1,1048576,144,143,142,73,5,67,1,72,1
dXhl8Xnjn06aYW25QKQ2YQ==,none,null,null,0,0,0,0,0,0,0,0,0,0
KIXL+rAz0EytrxVXdFJvrQ==,local,null,null,0,26,19,18,7,3,9,0,1,0
96t/rPmTsUOoE6prI7+XHQ==,local,null,null,0,56,52,47,2,23,43,0,1,1
KUjsJOoG1E+pjLxnKx1I2A==,none,null,null,0,0,0,0,0,0,0,0,0,0
yxiJnCYEB0WeW18UyB5zSA==,none,null,null,0,21,0,0,0,0,0,0,0,0
iaT7ILtZLU63xYg9Ikx4EQ==,local,null,null,0,68,64,54,5,10,47,0,1,1
y206iFVcnUyNcTigekgiFw==,none,null,null,0,0,0,0,0,0,0,0,0,0
2XKi+1T3yEKFz3kjGBkAOA==,local,null,null,0,37,21,18,3,7,11,0,1,5
W/vtXNQsX02pMBJ4/9/ODQ==,remote,edge1,cloud1,1048576,69,68,62,41,7,20,1,25,4
P14vEZyf2E6KTSeXgN+rkQ==,local,null,null,0,32,31,27,8,9,17,0,6,2
6rxZ5jHIkUC+ZtWOUmyjJg==,remote,edge1,edge1,1048576,79,69,60,47,6,11,1,37,1
