tId,dataPullType,FromZone,ToZone,DataSize,TotalDuration,TriggerStepClientDuration,TriggerStepServerDuration,DataPullDuration,DataPushDuration,ComputeDuration,DataMasterPullCall,DataPeerPullCall,DataMasterPushCall
mq0Yj0kMs06HLibspFlPSg==,local,null,null,0,22,22,20,3,2,12,0,1,0
HXff8GViTEK8MgzVNm5kGg==,remote,edge1,cloud1,1048576,617,616,586,257,18,217,52,176,2
4AHAI9usUkelSKgR6mhGjQ==,local,null,null,0,52,45,41,6,9,31,0,4,1
CIiowoLcE0uhIni2FuQtGA==,local,null,null,0,43,38,35,7,10,18,0,2,2
jjQIWNu5CUCCfbwI1YQ1zw==,none,null,null,0,0,0,0,0,0,0,0,0,0
hqjMCPZv6UeP6JUklvrDxw==,local,null,null,0,49,38,25,10,4,12,0,4,0
6kibw5eP0kaIKmhbYvIteg==,none,null,null,0,0,0,0,0,0,0,0,0,0
zOjOk9cc9E22Xg8ZBCMHFw==,remote,edge1,cloud1,1048576,151,150,149,138,5,9,1,138,2
b8Afm/B2HEq/ISyhi/om9A==,local,null,null,0,452,451,400,64,4,206,0,1,0
qtIoknD3C023vFW25vfhrw==,local,null,null,0,21,19,13,2,3,9,0,1,0
+lrwSAwaKEeKyFDmXeQ9eQ==,remote,edge1,edge1,1048576,626,625,577,258,17,210,52,174,2
khEQnB7/okSpGacg01xsjQ==,local,null,null,0,14,13,8,1,3,6,0,1,0
48uLecfgdk+eI7rLWRLZsQ==,local,null,null,0,20,20,15,4,5,10,0,1,0
2KsVw/TNi0qPZmTFc7gdwA==,local,null,null,0,29,28,24,10,6,12,0,2,3
hUHjWwNIvkuNV35I76Q6YA==,local,null,null,0,27,27,21,2,6,16,0,2,2
dUBx5/hCI0OGyCeNN4PwbA==,none,null,null,0,0,0,0,0,0,0,0,0,0
DsOIz+xn70i/BWYx5FOjEg==,none,null,null,0,0,0,0,0,0,0,0,0,0
NoT3DxiBTUKHfCaXRgcErw==,local,null,null,0,27,27,17,2,5,14,0,1,0
n7TuK+CchU+p4nzQl2oIMQ==,local,null,null,0,18,18,17,2,3,13,0,1,1
rDmrickWN0yvzxTPcS/x4Q==,none,null,null,0,0,0,0,0,0,0,0,0,0
CaJp5vOkk0SrMhua0n7+Gw==,remote,edge1,cloud1,1048576,46,46,43,34,3,7,0,34,1
V/Fn0JsYik+Jxnb8e22oLQ==,local,null,null,0,22,21,20,5,4,12,0,1,1
WdVZicWRVk2FShdq9w3faA==,none,null,null,0,0,0,0,0,0,0,0,0,0
brAuUiJ2JkWG/cYKW+AY5A==,remote,edge1,cloud1,1048576,47,46,45,37,3,7,2,31,0
EVYkguR380WFuM29K07Wfg==,local,null,null,0,37,36,26,4,4,20,0,2,1
5i1fDozHlE+K2NVkj7mdlA==,remote,edge1,cloud1,1048576,24,24,23,15,2,7,0,14,0
v5YfU0vMkk+KQqp832I/9A==,local,null,null,0,32,31,29,9,5,19,0,8,1
4algL42mfUKjlySvASnkvg==,local,null,null,0,43,29,22,2,7,18,0,1,0
1w5wN+3pq02Kga6wfYrQug==,local,null,null,0,27,26,20,3,4,14,0,2,1
HiHOTbgrCkKgY8Z5Zretlw==,remote,edge1,cloud1,1048576,33,33,32,22,2,8,2,19,0
J4DODKObvUOfXwd+ScDT2g==,remote,edge1,cloud1,1048576,41,41,38,28,3,8,1,28,0
UgFYAWQ7p0GZaupTjaN/gA==,local,null,null,0,23,23,21,2,3,18,0,1,0
IbUIf6ucwk2yz1CekTCJrg==,remote,edge1,cloud1,1048576,60,60,57,41,3,13,0,40,1
PdfV8tjEJkCKSnjPTwvfUg==,remote,edge1,edge1,1048576,73,72,71,51,5,17,2,49,1
aDh3CBDHYkaVMnT8sDdhFA==,local,null,null,0,22,21,19,2,6,16,0,1,0
3hUumCRxtUeOVjctY8fA9Q==,local,null,null,0,13,12,11,1,3,8,0,1,1
Yx1+HVsENkOSny7ra7zeIA==,none,null,null,0,0,0,0,0,0,0,0,0,0
AAGD/h66T0eEERDAMOB6Lg==,remote,edge1,cloud1,1048576,37,37,36,28,2,6,2,27,0
vwz0CB807USz04N/ryJlDQ==,local,null,null,0,23,23,21,2,3,18,0,1,1
EymczctcgEWkfP/prCntbw==,none,null,null,0,0,0,0,0,0,0,0,0,0
o9u+kCS0Tk2ZjpaZ+pzBbg==,none,null,null,0,0,0,0,0,0,0,0,0,0
bNc+G57IpkOJQyjk0FWm1g==,remote,edge1,cloud1,1048576,17,17,14,9,2,4,0,8,0
sJgica+tjUaOGDcWXpHQWw==,local,null,null,0,45,40,37,9,5,17,0,5,1
o4E3Ew94t0mFwPpRqwAncw==,local,null,null,0,69,64,55,4,28,46,0,3,8
+O9vqRZ4mEK28fJvY9xBqA==,remote,edge1,cloud1,1048576,23,21,20,14,2,5,0,13,0
TJktzbswzUSgmXJGKf33Wg==,remote,edge1,cloud1,1048576,36,35,34,25,3,8,0,19,0
Ry2mYy6rcUKGxNSZdiEFRA==,local,null,null,0,34,27,24,3,6,17,0,1,3
MO2l+8etVkOZCnB4HW/8cA==,none,null,null,0,0,0,0,0,0,0,0,0,0
TXA0FosqfUiaJcwNY/nj6w==,remote,edge1,cloud1,1048576,24,24,23,18,2,4,0,17,0
2iJZXonZiEqrwKwWvl1a6Q==,local,null,null,0,22,21,20,4,3,13,0,1,0
9/mFzwdqdEGdEowsd3Fxfw==,local,null,null,0,36,35,27,3,4,13,0,2,1
6gwBWbb/j0i+oh3aJbDX4w==,local,null,null,0,43,43,16,6,5,8,0,1,0
kEj2GOj7ykmuVYaKiti+qw==,local,null,null,0,19,18,17,4,5,12,0,1,1
2fIaeWwtg0WPPyoJ0VvBFg==,local,null,null,0,19,19,17,5,4,9,0,5,1
Vg+tQcUJ9kqphD/b8WWpZA==,remote,edge1,cloud1,1048576,151,150,149,140,5,8,0,140,0
kwT+alPw40CKyjGO4Dl+Qw==,local,null,null,0,17,16,16,3,4,10,0,3,2
g2tp17Mre02wzEGw8G18pQ==,local,null,null,0,25,25,21,3,7,16,0,2,4
EYk/rpTkvU228HAEwVeuig==,local,null,null,0,23,23,18,2,3,11,0,2,1
KJj1uizTj0GlVOTvUwK3BQ==,local,null,null,0,139,138,136,2,118,133,0,1,2
/zFsG8bzQkG3savGqIk0ew==,none,null,null,0,0,0,0,0,0,0,0,0,0
duEuIFdTBkCmuKz5cPTRwA==,local,null,null,0,23,23,21,2,5,14,0,1,0
onl7Y7ZlDkWS/1bASu8M1g==,remote,edge1,cloud1,1048576,55,55,54,43,4,8,0,42,0
pA9NJNTqBUaafPjwBzfAgQ==,local,null,null,0,21,21,18,3,4,14,0,2,1
Ug5IrA0CXU+8XTkrRkv88Q==,none,null,null,0,0,0,0,0,0,0,0,0,0
GK/74EAaekqq86Ht69chbg==,local,null,null,0,22,21,20,3,7,16,0,2,4
JN/aoeOTbESoWjZQlcjuIQ==,local,null,null,0,42,37,33,8,5,15,0,3,1
1qzVPU+yKEqDKXyDwVwfFg==,none,null,null,0,0,0,0,0,0,0,0,0,0
EqjyuGqlcUOmW77x7qzNZg==,remote,edge1,cloud1,1048576,42,42,41,32,3,7,0,27,0
gojiGwCv30imd0SGqfmuvA==,local,null,null,0,452,451,403,64,4,206,0,1,0
buuVT2MuG0+lyTBz5IH4JQ==,none,null,null,0,0,0,0,0,0,0,0,0,0
3SFoEk/rf0aGzmsnWWs6NQ==,none,null,null,0,0,0,0,0,0,0,0,0,0
9Jn5gwndqUOc972Jo9bufw==,remote,edge1,edge1,1048576,62,62,60,38,8,16,3,36,2
ByoANB1dI0Kzj9B9EUwv4Q==,local,null,null,0,51,44,39,7,8,30,0,4,2
bTAgX6iOZUiP8AYxDLJGKw==,remote,edge1,edge1,1048576,611,611,557,233,19,204,52,169,2
k9jT9Ube7kqyZAKQfQh/tA==,local,null,null,0,18,18,16,4,3,9,0,1,1
NOif236MSUaV4b6rQoLA+g==,local,null,null,0,29,28,27,1,20,24,0,1,0
YwdjIqytV0aXxwba1ihXfA==,none,null,null,0,0,0,0,0,0,0,0,0,0
O+AU7lznDkarNs15xLiEGw==,local,null,null,0,28,28,26,13,6,11,0,1,3
3NFOcDQlRUum+YPnXWta0Q==,local,null,null,0,13,12,12,2,4,8,0,1,1
GyNf6hBJZkuVxsdiqdf5WA==,local,null,null,0,26,26,24,5,3,17,0,1,0
6Z/JAqeg40Sj1WQVCkk6uQ==,remote,edge1,edge1,1048576,632,632,578,258,17,210,52,174,2
fhEglMj5lE+VhuxWk5Qxug==,local,null,null,0,16,16,15,4,6,9,0,3,3
78JroSJXdkyjR1i7R3lkew==,local,null,null,0,36,35,9,1,3,6,0,1,1
78DM53hAwEKpse4/BwZvXQ==,local,null,null,0,452,451,400,64,4,206,0,1,0
bfamikVH5k2pLD5ZsGxXEA==,none,null,null,0,0,0,0,0,0,0,0,0,0
eh0V2YmIvUuR53lmkdHGiA==,remote,edge1,cloud1,1048576,637,637,586,257,18,217,52,173,2
UA3vMSoj9k+1jj5SQst6BQ==,local,null,null,0,17,16,15,2,2,12,0,2,1
nnreAkeI50Cl97ZrQyYPyw==,remote,edge1,cloud1,1048576,38,37,34,27,2,5,0,26,0
kRxHM3G8vkqctNXOpTS7GQ==,none,null,null,0,0,0,0,0,0,0,0,0,0
9eJmHgH8iEeJjC/M0UayTA==,local,null,null,0,36,35,9,1,3,6,0,1,1
