tId,dataPullType,FromZone,ToZone,DataSize,TotalDuration,TriggerStepClientDuration,TriggerStepServerDuration,DataPullDuration,DataPushDuration,ComputeDuration,DataMasterPullCall,DataPeerPullCall,DataMasterPushCall
BtDOziaveEOwrQHmUztDog==,local,null,null,0,25,24,19,6,5,12,0,4,1
z9QK1rG7oEysh3ea4JEsdQ==,none,null,null,0,0,0,0,0,0,0,0,0,0
yIaWE53dkkGXZN22j2W4Ug==,local,null,null,0,24,22,20,7,5,11,0,5,1
LYsaC6xc00+52U/wretvjw==,none,null,null,0,0,0,0,0,0,0,0,0,0
PveMlIV2Wk+jMPUKQC2SPw==,local,null,null,0,11,11,10,3,2,7,0,1,0
vAi5saeDC0ykhNh5sr+Dag==,none,null,null,0,0,0,0,0,0,0,0,0,0
