tId,dataPullType,FromZone,ToZone,DataSize,TotalDuration,TriggerStepClientDuration,TriggerStepServerDuration,DataPullDuration,DataPushDuration,ComputeDuration,DataMasterPullCall,DataPeerPullCall,DataMasterPushCall
GVBe/4Yw/U69Uv8KPXECOw==,none,null,null,0,0,0,0,0,0,0,0,0,0
d4N2+QoqnEWBU0vUVn9vzw==,local,null,null,0,42,38,36,11,5,24,0,9,0
yOgIw0k6P0qGRqgobCwh6Q==,none,null,null,0,0,0,0,0,0,0,0,0,0
GzjF4GvegE6Jvuncfhs4jg==,local,null,null,0,62,61,60,10,4,48,0,9,0
Ria3mOTcQUeivpDMtEaiCw==,none,null,null,0,0,0,0,0,0,0,0,0,0
p1WwMMu3nkqiFcLbNJ2iaQ==,local,null,null,0,18,18,17,2,4,14,0,2,0
