tId,dataPullType,FromZone,ToZone,DataSize,TotalDuration,TriggerStepClientDuration,TriggerStepServerDuration,DataPullDuration,DataPushDuration,ComputeDuration,DataMasterPullCall,DataPeerPullCall,DataMasterPushCall
99iXz9uRQkCjgWbMzw5PgQ==,local,null,null,0,80339,80338,80296,40,49,80174,0,12,17
a/tKF6hWNEy3QOZwqHKKAQ==,local,null,null,0,74850,74849,74846,31,31,74772,0,14,1
kGkvhNuEfk26NXi2Jjklyg==,local,null,null,0,78919,78918,78884,1009,72,77778,0,6,19
gvcEMp2WC0SLibToWOExlg==,none,null,null,0,0,0,0,0,0,0,0,0,0
gbLxqhgXw0qRnH9c2lcyzA==,none,null,null,0,0,0,0,0,0,0,0,0,0
+4J2XvyBqE+iLTxyqwILNA==,local,null,null,0,76028,76027,76006,34,42,75908,0,20,18
rFG/VcxP0kG6mKganyjSOw==,local,null,null,0,73071,73070,73066,19,25,73015,0,14,1
kqg9wsRvWEit4kakJPkU8Q==,none,null,null,0,0,0,0,0,0,0,0,0,0
WhkG7CUa9UG35BugbZQxbw==,none,null,null,0,0,0,0,0,0,0,0,0,0
kcYBkThKe0y7RaWwDD5SUg==,local,null,null,0,73188,73188,73183,24,62,73088,0,15,6
Wllh9prQ60CSEflJ77RoRg==,local,null,null,0,76033,76033,76027,24,71,75917,0,16,3
FlmSwyuSuUeIZyXUMWbYqg==,remote,edge1,cloud1,104857600,70063,70063,69981,3963,99,65835,82,3960,82
geY+7uKX8ESSMlZYQoRrtw==,local,null,null,0,84272,84271,84257,22,98,84094,0,12,19
BXHcMrErX0GXBRenG8eHPg==,none,null,null,0,0,0,0,0,0,0,0,0,0
i88LATv0T0qQW2Gu0IxlNQ==,remote,edge2,cloud1,104857600,72757,72757,72589,3715,133,68571,165,3712,83
2/hhUKU6RE23sDw/aEP2jA==,local,null,null,0,79861,79860,79832,30,95,79678,0,16,27
vBPJHjAlL0m3BBIAo7rYXw==,local,null,null,0,78612,78611,78568,31,82,78415,0,16,19
I5/qKZX3+k6lG969cM6rIA==,none,null,null,0,0,0,0,0,0,0,0,0,0
nLyk6IYZ9EyR1h271TfPPA==,none,null,null,0,0,0,0,0,0,0,0,0,0
1JdRkE0Q+Uy47lLCp5Sp1Q==,local,null,null,0,73005,73004,72995,17,27,72942,0,9,2
R97fX0yOLEGne8N8kCGclw==,local,null,null,0,74796,74795,74796,11,74,74688,0,5,4
F4Jfe44l902B8wEPQ7Ci1g==,local,null,null,0,77715,77714,77693,32,48,77582,0,16,17
8U6wPCuqxUummmRy83N/Bg==,local,null,null,0,75740,75739,75737,23,68,75637,0,13,2
U/E38nILO0maWHFL0bTU4w==,local,null,null,0,75750,75750,75746,2012,135,73582,0,7,71
Zwric3Nlr0aQw8MSnQOUCA==,local,null,null,0,83001,83000,82971,42,88,82811,0,29,21
3K6HzE+KWEKJCf0yUT1WWw==,local,null,null,0,77878,77877,77843,2014,73,75703,0,8,21
HEhz2II0TESSxCF66tpbLA==,none,null,null,0,0,0,0,0,0,0,0,0,0
poSHj0QYGEuZxqzQLbWczA==,local,null,null,0,73757,73757,73753,30,73,73631,0,10,2
eV6/cxBoykWpl4eC6RPO+A==,remote,edge1,cloud1,104857600,71517,71517,71434,4612,99,66634,81,3747,81
yvMXwxl7bkOlitNk4NRAyg==,local,null,null,0,77298,77296,76295,1011,73,75193,0,5,8
ZktomTmy7kyDwPmAAgdu1w==,local,null,null,0,83752,83751,83712,62,96,83504,0,16,26
4mdI3mKsA0yGwjyrZ3PiQw==,remote,edge1,cloud1,104857600,68589,68588,68426,3829,156,64264,164,3826,97
Z4BIMn112ka0JdmaIuIGhQ==,remote,edge2,cloud1,104857600,73968,73967,73881,3789,103,69901,91,3773,83
q+DENv9pukuQONmURn4AVQ==,local,null,null,0,81007,81006,79974,15,80,79836,0,13,23
sWskrOMfJE2aUb05fIkgDQ==,none,null,null,0,0,0,0,0,0,0,0,0,0
OvFEKDs09U+ozwVBrdn5xA==,none,null,null,0,0,0,0,0,0,0,0,0,0
6rbd58xjJEu2bO/qDOW2Ig==,remote,edge1,cloud1,104857600,68335,68335,68252,3728,100,64337,82,3716,81
ihvRFHN64Eaf4LkrwnBVZQ==,local,null,null,0,72899,72898,72885,26,58,72780,0,9,4
U1GdYvwgv06Y8ePMtKEwiw==,remote,edge1,cloud1,104857600,68617,68617,68535,3707,115,64626,82,3698,82
hxAFz41kq0y5blwW8H6Ygw==,none,null,null,0,0,0,0,0,0,0,0,0,0
viJyPSEb80u87XnLZvhrrQ==,none,null,null,0,0,0,0,0,0,0,0,0,0
xPPvCttmski7rLsClHwcog==,local,null,null,0,75625,75625,75581,38,83,75400,0,16,23
DHV19QuYW0qmaERFBzHC6g==,local,null,null,0,76586,76585,76566,20,83,76419,0,16,20
/U+BO14AgkaxStvY6ARTiA==,remote,edge2,cloud1,104857600,73184,73184,73101,3599,118,69295,82,3594,82
OWAd7qYGYESMw3ekI0kE/A==,local,null,null,0,74844,74844,74832,24,51,74750,0,16,4
gOOh0Cp9ZUCaGj4C6NmclQ==,local,null,null,0,81414,81414,80381,1015,98,79245,0,11,35
ITdNtG9l5U2vFSTdRzgGKQ==,remote,edge1,cloud1,104857600,68608,68608,68525,3698,110,64629,83,3698,81
9CDULFG9kke4njJ9l05X1Q==,none,null,null,0,0,0,0,0,0,0,0,0,0
LhLvhVczqEuXQgiGPLzzLg==,remote,edge1,cloud1,104857600,73521,73520,73438,4397,127,68828,82,3662,81
pDs8HzW74kKHqsd0FZvldg==,local,null,null,0,76190,76190,76189,7,77,76097,0,7,7
YtMhmz1mWkGXpfFRUNTTNg==,local,null,null,0,75803,75803,75773,19,39,75694,0,14,17
UFGky2RhSkaKbp8RpjaSsQ==,local,null,null,0,73960,73960,73953,26,35,73884,0,16,2
nKQ532pDN0mGfytD4Zp+tg==,remote,edge2,cloud1,104857600,75051,75050,74967,3584,124,71170,83,3582,84
Q1ZZorbrwESypFOHNAu4ZQ==,remote,edge2,cloud1,104857600,72881,72880,72715,3687,144,68703,167,3685,88
iREq8T6uYkal7iFWgvuTtw==,local,null,null,0,75724,75723,75706,27,47,75611,0,17,17
RtTVxFuu+EqcFx57RAKV5w==,remote,edge2,cloud1,104857600,74474,74473,74390,3581,102,70617,82,3582,83
prBhKtAxuUalnxt/1QDVQg==,local,null,null,0,73248,73248,73245,23,69,73136,0,17,22
MPGjNZZ9l02Db8J+IxPkCw==,local,null,null,0,80598,80598,80564,2008,83,78448,0,6,22
WpAIXSgVV0KkJr8TwUcuSQ==,local,null,null,0,74919,74919,74910,24,64,74805,0,16,3
HfCWwbtaNEGX/R/mrk6FjQ==,local,null,null,0,88851,88850,87819,1021,91,86682,0,12,23
PLk4ASpeI02ssl6VVAF3uw==,none,null,null,0,0,0,0,0,0,0,0,0,0
hGtf4CXxMUWLdnOSisOjLA==,local,null,null,0,80631,80630,80589,30,91,80431,0,16,23
cRKGv5FG+k+neAg3pOGetQ==,local,null,null,0,78056,78055,78023,1009,107,76858,0,8,43
YScOB9XKLEiBiTUdgj+46A==,local,null,null,0,72909,72908,72905,12,79,72792,0,8,6
pX4Xt7/vrUOawg2MPxunFA==,remote,edge1,cloud1,104857600,70526,70526,70360,3742,152,66287,162,3739,86
Y4iXTiJ64UmT6GSQZ6EAgg==,remote,edge2,cloud1,104857600,73085,73084,72917,3665,144,68930,167,3653,92
kgWA6TrWRk2079B1++/8TA==,none,null,null,0,0,0,0,0,0,0,0,0,0
hu1opVjOYkyzkaS4oTuEmA==,local,null,null,0,74813,74813,74807,30,44,74715,0,16,3
9YuAFsy7/keCv40LR4XdiQ==,none,null,null,0,0,0,0,0,0,0,0,0,0
MGQOBMact0m05z0rVfjrYA==,local,null,null,0,76140,76140,76135,30,38,76060,0,23,1
rt9V41eL50ON3ExUjxQR5Q==,local,null,null,0,73133,73133,73114,23,37,73033,0,14,17
LWqRkQIebk+Du8UIbmIaUA==,remote,edge1,cloud1,104857600,66534,66533,66367,3855,138,62196,165,3853,85
R9WiTVU+eEq7/UKW6GTZSg==,local,null,null,0,79150,79150,79132,15,71,78987,0,9,20
eISFv404D0C2tKm+KE0lGg==,local,null,null,0,82168,82167,82145,20,85,82007,0,16,19
7dIwpjKu8kOacXWgAqrlNQ==,local,null,null,0,75131,75130,75128,29,58,75026,0,17,8
nlkn68Yxd0iCEjJRrWstFA==,local,null,null,0,76902,76901,76899,22,79,76777,0,14,3
zslVvnzV8Ei7cPeOSBaBKw==,local,null,null,0,79796,79795,79790,2022,59,77699,0,16,2
tCrbbIpSHkCfY4e7S3YS8A==,none,null,null,0,0,0,0,0,0,0,0,0,0
qAN/TWdZZECy0R0JSJZyoQ==,remote,edge2,cloud1,104857600,72630,72629,72533,3699,106,68642,87,3686,82
X0RL0w6ew0+akEbsgcIU6Q==,local,null,null,0,75370,75370,75361,30,61,75248,0,24,3
wjBA5aevrkS6cOwyLvpNGA==,local,null,null,0,76817,76816,76810,16,71,76705,0,7,2
WvptHx4lG0GXRYFDORDNzA==,local,null,null,0,78354,78354,78314,20,84,78140,0,13,20
CVGdDQhpOkG6o1B/lxqDFw==,none,null,null,0,0,0,0,0,0,0,0,0,0
FFT3kHm1S0qY/9rfyKX2pQ==,local,null,null,0,81677,81676,81654,28,107,81483,0,12,19
3nmLb5XcdUa/0meS0b9bIA==,local,null,null,0,79388,79387,79354,2007,100,77201,0,7,40
hS+LYYJ+M0CyCytEiry+9g==,remote,edge2,cloud1,104857600,74141,74140,74056,3584,120,70263,82,3581,82
k+VLTsvfOkS/8+N5gkdKrQ==,local,null,null,0,74528,74527,74518,36,26,74449,0,20,5
ovw9cPac4EmJJWMV57pF8A==,local,null,null,0,76926,76925,76914,27,61,76814,0,23,12
I8mhtTSL5EeuSlEyh2yYJg==,local,null,null,0,80417,80417,80376,2009,77,78257,0,9,20
INGTiatPzUi9wRQuQTZpbw==,local,null,null,0,79609,79608,79605,15,71,79498,0,13,2
