tId,dataPullType,FromZone,ToZone,DataSize,TotalDuration,TriggerStepClientDuration,TriggerStepServerDuration,DataPullDuration,DataPushDuration,ComputeDuration,DataMasterPullCall,DataPeerPullCall,DataMasterPushCall
OAB3XNX9eEmWNu9R5tXv1Q==,none,null,null,0,1,0,0,0,0,0,0,0,0
PO1KgoSUvUeNwa2Yh9crnA==,remote,edge2,edge2,1048576,115,114,97,48,24,5,17,46,17
jbirQG58f0yyKKr1r8u51w==,local,null,null,0,28,27,24,6,8,3,0,4,4
4/4jJ3xMl0WmG/Bll390Gg==,local,null,null,0,75,75,54,5,22,3,0,4,16
aD2baRoKkU2VwFAyJ+vZMg==,remote,edge1,edge1,1048576,59,58,57,35,9,5,1,33,1
XzeoLQdNY0WXt3334YSk0A==,local,null,null,0,74,74,56,6,24,6,0,4,17
8vdVEkmBaUuLUAPsatlpaw==,remote,edge1,cloud1,1048576,1082,1074,991,814,87,5,81,813,81
YP76g+ChuUSuIsgKCjq4vA==,local,null,null,0,31,30,29,5,9,4,0,3,2
SBs/4A/MFEOxDqQYoZY/ig==,local,null,null,0,69,67,48,4,21,4,0,3,16
2cYW6r3KHkaNRErU0kVuIQ==,local,null,null,0,26,25,22,6,6,3,0,5,1
xhF/Wq6aDE69GP7cIMPoHQ==,local,null,null,0,79,78,60,9,24,4,0,5,19
ot1ZyqIz8UqokavFBUM/eQ==,none,null,null,0,0,0,0,0,0,0,0,0,0
K1o4v9l8+0eSL5jSXHthEw==,local,null,null,0,79,76,59,5,28,5,0,5,16
W9RbIP6xcEukpFVzEVANgw==,local,null,null,0,78,78,62,5,25,6,0,3,17
68INqTU6FUiniwSiamAoZw==,remote,edge2,cloud1,1048576,1035,1034,952,762,93,8,84,761,84
p/hTxmmiW0u9pVShCxMlHw==,none,null,null,0,0,0,0,0,0,0,0,0,0
LWbtvgTnfUWvOkiwxmTT0w==,none,null,null,0,0,0,0,0,0,0,0,0,0
HQYu+jvQ1kWj68R2l8BYxg==,local,null,null,0,70,67,63,11,13,26,0,5,2
AAdLWHN3lEKRlzrtD/1P2A==,local,null,null,0,74,72,56,5,24,5,0,4,16
Xow135rCfEqCOAY+ubFZIQ==,local,null,null,0,40,35,33,4,11,5,0,4,1
VPyE9r4xokqpWRy4gNlDQA==,none,null,null,0,0,0,0,0,0,0,0,0,0
FLw0kUZsuEaE7WzOhDuJfg==,remote,edge1,cloud1,1048576,1101,1100,1017,814,100,17,81,813,81
oh24qr3IIkiErgLX7/v+cQ==,local,null,null,0,26,25,23,6,5,6,0,4,1
uPyC1+SUu0OMizpiuvGkKw==,remote,edge1,edge1,1048576,46,44,42,25,6,4,1,24,1
/7bapsFleUWT3addC8qpFw==,local,null,null,0,74,72,50,4,21,2,0,3,16
ugPPuQUXLkW2NF/b5rHsPw==,remote,edge2,cloud1,1048576,953,952,870,685,89,5,82,684,83
t8/h2prt1U6W1QaPmoHmaw==,none,null,null,0,0,0,0,0,0,0,0,0,0
Hz8qUQIpUky2vj8m07Z2+w==,local,null,null,0,37,37,35,17,6,5,0,8,1
zexRaJ/frEqg8EO6drqk9g==,local,null,null,0,34,32,26,7,7,5,0,6,2
9N5Gt84h4EexkswrdgXbaQ==,local,null,null,0,34,34,33,7,17,4,0,5,5
6myzpIP5mEOtXssB22mTdw==,local,null,null,0,31,30,26,5,10,7,0,3,1
4P3n9AWrNEOyXthCE9LO3Q==,remote,edge1,cloud1,1048576,1104,1104,1020,831,91,4,83,829,84
JHNMRyCHLUe7lKUp1ekcEQ==,remote,edge2,edge2,1048576,116,115,97,44,26,5,17,42,18
Jz2RksUlRkO9F7fxHzxGkw==,remote,edge2,cloud1,1048576,1026,1025,943,762,86,4,81,760,81
/sdD3VCmIU67gvLdAQrgWA==,remote,edge1,edge1,1048576,54,53,50,31,8,5,1,27,2
9HFpR1P00E2wCtxedpSCzQ==,remote,edge2,edge2,1048576,116,115,97,43,23,7,18,42,17
hlLoUXLfGEC6kCGIJ6L+BA==,none,null,null,0,0,0,0,0,0,0,0,0,0
r5FmMV/N8EWTyAOspBAZBA==,remote,edge1,cloud1,1048576,1099,1096,1006,828,88,4,83,828,83
OtwYhhOqL0Cyy/eB/2HfOA==,local,null,null,0,89,85,66,7,25,5,0,6,16
cVsReVrM20GHPWckPnDuHQ==,remote,edge2,cloud1,1048576,1021,1020,938,755,90,7,81,753,81
Buebfg6pFEGvwtwnvMc3fw==,local,null,null,0,81,80,60,7,25,7,0,5,17
wETIPp+egU6Ln1g/oVju2Q==,none,null,null,0,0,0,0,0,0,0,0,0,0
KIIXjFv2Uka3bJXlUg6TpQ==,remote,edge1,cloud1,1048576,1469,1467,1385,1195,92,5,81,810,82
cVimcrLxh0iRdjVA61F11g==,local,null,null,0,27,26,23,4,8,4,0,4,1
ZYxrOSAirkCfLEtQSDFv1Q==,none,null,null,0,0,0,0,0,0,0,0,0,0
HX4cX8/1/UmFTYZ2nWZYvA==,none,null,null,0,0,0,0,0,0,0,0,0,0
gjVmgIaX7kiif0Ud4SHcDw==,none,null,null,0,0,0,0,0,0,0,0,0,0
xBOzBDROIkWhfY7Df78sfw==,remote,edge2,cloud1,1048576,954,953,870,690,89,4,83,689,83
Z0hyIuHUYkupcoOjwAN4CQ==,local,null,null,0,28,28,25,5,7,4,0,3,1
wNgxizGYGkO4UBq+nbynbQ==,none,null,null,0,0,0,0,0,0,0,0,0,0
ruCU50QeNECT0yCoFESfJA==,remote,edge2,cloud1,1048576,1354,1353,1271,1081,93,6,84,759,82
G3tFZAPVJESHf6rmD2hNBQ==,local,null,null,0,73,72,53,3,21,3,0,3,16
stT1yYJGl0CyTCY/LUsD2A==,local,null,null,0,27,27,26,5,9,4,0,3,3
bLpQzfistU2OYLn6AwYcZQ==,remote,edge1,cloud1,1048576,1098,1097,1015,833,92,4,86,832,87
WSLpS+j54kiygZep6nT9vw==,local,null,null,0,35,34,33,9,10,6,0,4,2
z12GPjD4w0myTl+1YenKHw==,local,null,null,0,71,70,52,4,21,4,0,4,16
XV+e6p0jH0+9HdRopW5p0A==,local,null,null,0,78,76,59,7,25,5,0,5,20
00orvEZzdkyajEmyTBaJcQ==,local,null,null,0,81,74,56,4,21,6,0,4,16
kosBOp1zkUGAVMJDodRTDA==,local,null,null,0,40,37,35,5,9,6,0,4,1
m0Y4RSRSYUWhYVAsywD4IQ==,local,null,null,0,77,77,54,5,21,4,0,4,16
,19
ee+RAPooiE2GpaFKbsKckg==,local,null,null,0,100,96,72,10,31,6,0,8,17
2905,1739,1669,826,125,464,156,513,14
