tId,dataPullType,FromZone,ToZone,DataSize,TotalDuration,TriggerStepClientDuration,TriggerStepServerDuration,DataPullDuration,DataPushDuration,ComputeDuration,DataMasterPullCall,DataPeerPullCall,DataMasterPushCall
Bl45o6FcR0yaodZ4I6MgFg==,remote,edge2,cloud1,1048576,1897,1897,1813,1083,102,543,83,1082,86
bPDJO2uH4EShP/YK9OibYw==,local,null,null,0,2705,2702,2698,1818,53,811,0,6,1
UGT8fb2MIEmerx4aE2HciQ==,local,null,null,0,663,663,671,25,35,581,0,19,7
pThvJkAtu0+sUG2JA0J8UQ==,local,null,null,0,1835,1835,1805,999,46,710,0,10,19
NNy/jKxRNkC1inSiok97pg==,local,null,null,0,1521,1519,1503,8,586,891,0,7,2
l4elBXiu+UWG6dFcuXAYWg==,none,null,null,0,0,0,0,0,0,0,0,0,0
rhXxCO49LEyI39aO4BmdgQ==,remote,edge1,cloud1,1048576,2408,2407,2325,1786,92,359,84,1325,83
4sSnGMCipk+hE9loHyKZcw==,remote,edge2,cloud1,1048576,2260,2259,2176,762,801,524,83,761,84
ij8MkwlnO0WJXwLpIhLytQ==,remote,edge1,cloud1,1048576,2004,2003,1920,821,719,289,82,820,82
37oyWFWf0UKK/GozBmIzjw==,local,null,null,0,766,765,762,19,25,706,0,15,5
t1l/8Ib3L0C01Ui/4JMoeQ==,local,null,null,0,828,827,823,24,25,757,0,10,4
3r4z31JGekG/V9SJ4XMpAA==,none,null,null,0,0,0,0,0,0,0,0,0,0
vWnXJM0ZmEWXajjTDQyWOA==,none,null,null,0,0,0,0,0,0,0,0,0,0
UoAl3tSSk02vhAfHvIwWJA==,local,null,null,0,638,637,634,23,16,577,0,17,4
jABp/bT+cEekS3q2WM4aqw==,local,null,null,0,758,757,754,19,37,666,0,16,4
w5v3Ob2eZEuXKSo+Z/tV0Q==,none,null,null,0,0,0,0,0,0,0,0,0,0
WQsrwhxHIkyJxikfIUWc+w==,none,null,null,0,0,0,0,0,0,0,0,0,0
MibXO/gZcket/5ZPBpk9xA==,local,null,null,0,899,899,896,14,31,839,0,9,10
U/kTepcDtkGWNmxqs+n7Qw==,local,null,null,0,676,674,630,20,43,515,0,13,19
34x+l7vj70uzUf5XKdaq8A==,local,null,null,0,1060,1060,1022,19,26,953,0,9,19
AWEhkp5eQ0yLG6nYxpUPJw==,remote,edge2,cloud1,1048576,1862,1861,1779,1091,86,517,82,1084,81
pMDysb4pdky3BSOLTQ87UA==,local,null,null,0,787,786,782,16,23,722,0,13,2
NAt2lWW0vk+4aiAHW47U/Q==,remote,edge1,cloud1,1048576,1933,1933,1852,1241,94,431,81,813,82
x7WOp4ft60KgrcJaNWG90g==,local,null,null,0,1066,1066,1059,34,29,978,0,28,2
LhlhTl38qUiHd/OYXJaTHA==,local,null,null,0,895,894,874,34,24,781,0,16,18
G1ZoIpCiR0K/zzhcpohF1A==,local,null,null,0,968,967,947,16,39,860,0,11,18
/bpSz8NSu0CrAfQoJVkBfw==,local,null,null,0,1371,1370,1366,21,36,1301,0,16,8
al9Qh5LrF0qxzjvMuRu+bw==,none,null,null,0,0,0,0,0,0,0,0,0,0
DBAmyTxRtE2rqRMQIJidMA==,remote,edge2,cloud1,1048576,2447,2446,2281,994,112,999,167,849,84
/mNQIGkqvku7RqvBjXvoFg==,remote,edge1,cloud1,1048576,2932,2930,2767,895,1093,612,163,897,81
4fYaSXtBN0u7sFdYhWKrMw==,none,null,null,0,0,0,0,0,0,0,0,0,0
mswbruVjjUKQlsL3+6rNKg==,none,null,null,0,0,0,0,0,0,0,0,0,0
fTeRyDugoECYK3CXu00RBg==,none,null,null,0,0,0,0,0,0,0,0,0,0
Ud8FohuZDEuAWrg+UJqIew==,none,null,null,0,0,0,0,0,0,0,0,0,0
/vSH55lxA0yKng0iTDTnGg==,remote,edge1,cloud1,1048576,1938,1938,1855,1322,97,350,84,1320,83
n05e35iI0kqmLbv4DmspqQ==,none,null,null,0,0,0,0,0,0,0,0,0,0
+Ah5l4bHi0+wSY09PT6dxA==,local,null,null,0,1031,1027,1009,14,33,935,0,10,20
AyU+iSyZvkCBSUeQUhHP9g==,none,null,null,0,0,0,0,0,0,0,0,0,0
gG9Wx07O90uDwT/jGYzhjw==,none,null,null,0,0,0,0,0,0,0,0,0,0
ygO46sowckyiWBcf6v9OJg==,remote,edge2,cloud1,1048576,1505,1505,1423,777,95,461,89,775,87
R7OszSUkbEim67/29ifhCw==,local,null,null,0,507,506,488,9,24,434,0,5,18
lFhLvg5KAUCUvY2HGZ/Aag==,local,null,null,0,896,895,892,22,36,799,0,19,8
CyWDGZC16Eal8VQkzi3T+g==,remote,edge1,cloud1,1048576,1475,1474,1393,819,99,382,82,817,84
3FdxH59PVUiyUqBSveNf5g==,local,null,null,0,858,857,828,38,50,713,0,32,19
9iJpXS/1nUS4Ai852mheGg==,local,null,null,0,745,745,706,21,28,613,0,9,19
89/jYVrqiky6j2JBk7l8dQ==,local,null,null,0,888,887,864,13,58,757,0,11,21
CCJvi8vnpU+rIGl4KGLcpQ==,remote,edge2,cloud1,1048576,1510,1509,1427,767,103,469,84,766,83
saPWAas3g0SyQvUBVbChPg==,remote,edge1,cloud1,1048576,1569,1568,1482,814,91,491,82,814,82
30NVncddTEK3iQ54ozJbRQ==,local,null,null,0,1063,1062,1082,21,54,911,0,14,19
H4ttWha/i0+pmPEar5PsHw==,none,null,null,0,0,0,0,0,0,0,0,0,0
idO7YZqiwU2NFzZ4MuBTiw==,local,null,null,0,990,990,984,22,36,909,0,16,8
wlCtvpzfTU2TZAxsQR5kyQ==,local,null,null,0,924,924,921,15,34,858,0,11,7
rqpA64iUHkmfPUzBLhLw8A==,remote,edge2,cloud1,1048576,2171,2170,2086,766,721,512,84,765,84
XwwetaJsqEuinnRYFuMvPg==,none,null,null,0,0,0,0,0,0,0,0,0,0
/DLwayaxgEuoY7yjx8VTDA==,local,null,null,0,652,652,646,13,22,605,0,9,10
cWn6S9Rg1kSh5JUsc83H0Q==,local,null,null,0,827,826,805,37,28,717,0,24,19
nZBdzOWgoE6x7f6tK1yznw==,local,null,null,0,838,837,813,29,23,734,0,25,17
ddb6ZtkuUE2zYjHhkjMizQ==,local,null,null,0,862,861,859,13,24,804,0,12,3
Mxub81ylfUaIquO0TGUAIg==,remote,edge1,cloud1,1048576,1677,1676,1594,817,89,602,82,816,81
QzFVIKjrG0GfzbwaqzqbGw==,local,null,null,0,641,640,622,13,43,541,0,4,17
8FCuDHd+yUKJmsy9pEL8pw==,local,null,null,0,1291,1290,1270,31,40,1170,0,20,21
47TOUgW4h0G5HZxomzFg3w==,local,null,null,0,977,976,958,13,32,889,0,8,18
N0S1/g4pC0aZ+O6gLcQeRQ==,local,null,null,0,944,944,925,11,33,854,0,9,18
fEpK7czWK0qOelzjSDXNrw==,local,null,null,0,634,633,626,20,17,573,0,11,8
+6Rh32yqA0qDT4GF2A1/wg==,none,null,null,0,0,0,0,0,0,0,0,0,0
HkrRY3Xik0aY+CYxJkJHPQ==,local,null,null,0,509,508,508,11,14,465,0,9,1
qaFkzcSKjEa7L0s7zl1/WA==,local,null,null,0,880,880,860,16,42,766,0,14,22
FAEMY3gz0kOLVsflyqXlAQ==,local,null,null,0,795,794,774,13,51,677,0,7,18
Tr9haHDWbEywEFMHiZG3Uw==,local,null,null,0,463,463,458,8,19,413,0,5,1
WLxoR+4YC0SDIQXZSHeqcA==,remote,edge2,cloud1,1048576,1950,1949,1868,1080,111,592,82,1078,86
Xq8VxHeb9EW6by78JtVa0w==,local,null,null,0,1135,1134,1117,52,42,997,0,40,2
xwcutzhe50u6QndRT2y4/g==,local,null,null,0,1330,1330,1327,35,20,1259,0,21,2
TYsUk/lRyE+EkZQ+msxh8g==,local,null,null,0,961,961,939,10,39,865,0,7,19
RFYJxaK3jEiadn6wrWk54Q==,none,null,null,0,0,0,0,0,0,0,0,0,0
m6AKZmXalEuuwfKqMN3EaA==,none,null,null,0,0,0,0,0,0,0,0,0,0
1BmnrGHG+UCB8Pirnm4FCg==,local,null,null,0,629,629,627,11,8,601,0,9,2
ucphjtIfe0WYGtMVb8gBRg==,local,null,null,0,866,866,848,9,36,768,0,8,17
+ipALbjj50isDem6HdSd+A==,local,null,null,0,1114,1113,1096,24,42,996,0,20,18
jWVjx2Xg/k+BHPIav+1qXA==,local,null,null,0,1262,1262,1253,35,31,1167,0,19,4
UkUsHHxL/kepM96AR4x5VQ==,none,null,null,0,0,0,0,0,0,0,0,0,0
ZR4z03lieE6zT2LKLSydNQ==,local,null,null,0,592,591,587,20,11,548,0,18,2
sQmeewNhbk+UNukbf80B+A==,remote,edge1,cloud1,1048576,2052,2051,1969,1310,92,480,83,1305,84
jk9ZV8Dr8kKE780XAYh+QQ==,remote,edge2,cloud1,1048576,1362,1361,1279,769,90,333,85,767,84
PtGPZfRldUivUhfj8Mgh4g==,local,null,null,0,882,881,857,24,33,777,0,16,17
0GOgy1mCMUmTYoWOE9s6HQ==,remote,edge1,cloud1,1048576,2147,2146,2062,1557,90,329,82,812,82
H8wFq5FBmE+5k5v/ELQnEg==,local,null,null,0,779,778,758,11,45,675,0,10,17
pcyeT5wGfUW9ctyT5EvKug==,none,null,null,0,0,0,0,0,0,0,0,0,0
56H4uEVgIkS1EHmvGI4roA==,local,null,null,0,864,863,851,9,30,780,0,8,20
Iv3hkmxu2ECfcl8NjUvp8g==,remote,edge2,cloud1,1048576,1901,1900,1819,1089,89,554,82,1080,82
732KNEhN5EOw+vdVvqklXw==,local,null,null,0,723,721,709,15,30,623,0,14,20
qLwaKGC0akmjUXXBHSUajg==,remote,edge1,cloud1,1048576,2870,2869,2788,2323,90,289,82,812,82
myEatk5BOkC8fZRg3MRu1A==,none,null,null,0,0,0,0,0,0,0,0,0,0
qKcJ4Z476kKJPlCLryYEDw==,local,null,null,0,536,535,527,14,13,492,0,13,3
lJD7jMIGPE2KCqQoc+3Pyg==,local,null,null,0,1640,1639,1637,17,42,1552,0,12,11
eEEQW4DovUK4jaMEHGf/hg==,local,null,null,0,432,432,416,38,8,358,0,10,1
dTj3I0smB0qjs3cqkcJnkQ==,local,null,null,0,1926,1925,1891,1001,31,837,0,13,21
Xe70ktZosUCW0xaEXG1xBQ==,local,null,null,0,783,782,777,9,35,718,0,8,12
0HnXhIeELkO9GkYK49qdRQ==,none,null,null,0,0,0,0,0,0,0,0,0,0
C2QybtDzA0Wd0IKB317oAw==,local,null,null,0,785,783,782,29,10,738,0,7,1
1VtjXB9weU60EGVRU2ZVjg==,local,null,null,0,836,835,831,8,23,786,0,5,2
MvmhZgbMV0m533nkYZzd+w==,none,null,null,0,0,0,0,0,0,0,0,0,0
T711YA7w20aY8tcUvp8lhA==,remote,edge1,cloud1,1048576,1534,1534,1455,814,125,415,82,813,85
Gtxcyu1ow0yJ89zRRjEhTQ==,local,null,null,0,736,735,718,16,39,632,0,12,19
Y/uJmLIimUKgcaWdLG3TiQ==,local,null,null,0,1154,1153,1121,27,25,1024,0,18,18
9MgHA+OTj0avCMpNu/kNjg==,local,null,null,0,702,701,700,41,10,633,0,24,1
1oraYAfFLkCr1UutXlX0cQ==,local,null,null,0,819,818,811,21,36,734,0,21,3
MF1wLFfu0UuN6mVstcSJEA==,local,null,null,0,1539,1539,1528,30,592,887,0,17,3
JMOVCha9QUClWb8uohDIJw==,local,null,null,0,903,902,900,23,10,840,0,22,2
2zljxtjM+06QJFfXU+vJ6g==,local,null,null,0,1095,1095,1070,19,63,951,0,9,21
sJ74UaIlsEOQ/IFDutNHNg==,local,null,null,0,2674,2673,1851,1010,21,801,0,12,1
Fs5dmazll0WCXewzuM2d4Q==,local,null,null,0,856,854,853,19,45,758,0,18,2
evUGRzBUZk+5vD3USRytWA==,remote,edge1,cloud1,1048576,1619,1618,1535,813,126,492,82,814,84
o80ioiodc06YvZ1aqOvtmg==,local,null,null,0,963,963,956,21,20,903,0,15,6
kXmVEBy5zEGHaZtaxHjYhA==,local,null,null,0,743,742,738,15,33,671,0,13,7
KI7dWezh/EW+EPjEVfQwYQ==,local,null,null,0,1681,1681,1670,929,19,695,0,24,3
PmhVZ1b37026gK76WcKHYA==,local,null,null,0,1978,1978,1971,938,39,979,0,21,3
Qcrc8K58QkyTQHRJBW0PoQ==,none,null,null,0,0,0,0,0,0,0,0,0,0
YMxtJmnBx0GkqNmHISVp6Q==,local,null,null,0,1071,1070,1063,30,43,976,0,22,3
e72B9+Qw0Ui6oVXQK7RzmQ==,none,null,null,0,0,0,0,0,0,0,0,0,0
C2EGy766LkGfuCVfL/DyCw==,none,null,null,0,0,0,0,0,0,0,0,0,0
JlcZV1J270WMziA1a1WZAQ==,remote,edge2,cloud1,1048576,1721,1720,1639,1093,86,375,82,1091,81
nn1As9cAHEyw3YlynPjUoA==,local,null,null,0,744,740,700,16,42,605,0,9,23
uWHVyn/qSEuBCRq577qq8g==,none,null,null,0,0,0,0,0,0,0,0,0,0
3/PGP3jq0ka5Qgafa7YSdg==,remote,edge1,cloud1,1048576,1838,1837,1756,1113,86,469,81,811,81
7ZRs43LVukKiGnRFHWHMCw==,remote,edge2,cloud1,1048576,1796,1795,1714,1078,109,436,82,1075,83
vZ1QzqEy50aO8s+/480k/g==,local,null,null,0,2614,2613,2608,1818,39,726,0,6,11
cExnpSfblk+DRC9bPdJ6jg==,local,null,null,0,802,800,778,10,27,711,0,4,17
BZGCdXqZck6yGr5Z1znpUw==,local,null,null,0,1618,1618,907,16,52,804,0,12,17
SUfw6n9ugkmRUR0L4SMBWg==,local,null,null,0,734,733,732,14,14,687,0,12,1
Tanqq3QVK0ijdTmbZdHVzg==,local,null,null,0,642,642,623,9,26,565,0,5,17
UqZpifn5LES0GH5RFj3TdA==,local,null,null,0,681,680,643,24,24,565,0,14,19
58nNrgcIkUO0eS0PhkPySQ==,local,null,null,0,1407,1406,1377,20,40,1280,0,9,18
0ojuTFOKgUCS1rJRwEdJRQ==,local,null,null,0,1206,1206,1200,25,36,1091,0,18,4
FhHmmP3s00WIBLHXI4Fl3w==,local,null,null,0,942,941,912,21,54,812,0,12,22
Sf4AfGIrD0i0OalzL85k3A==,local,null,null,0,968,968,947,14,41,858,0,8,19
sFSwiJA/Xk2uctwXWU0g4A==,local,null,null,0,602,601,584,12,26,525,0,14,17
4o9YoTpni02BZpQ7BNFuFA==,local,null,null,0,849,847,845,19,35,778,0,17,6
B/kxbtc0hEebFGlv4ZTjLg==,local,null,null,0,1379,1378,1356,10,45,1269,0,7,19
s124VOgnAU6BCeruNsE+Aw==,local,null,null,0,998,998,980,21,51,870,0,14,22
0jjNAn5rvUKhvW7YvAjXhw==,remote,edge2,cloud1,1048576,2423,2423,2281,998,626,488,166,849,83
e7RxLvzaWUClESjCXRs7nA==,remote,edge1,cloud1,1048576,2064,2063,1981,1312,98,485,84,1310,83
RwPme5h1/UOOdx5hqfV93g==,local,null,null,0,907,907,889,12,39,814,0,10,21
4lnmD5iRbUy+RzMZIFxzMg==,none,null,null,0,0,0,0,0,0,0,0,0,0
p7Cz3Isu40iGNMg7pvbBew==,local,null,null,0,1071,1070,1045,23,43,954,0,21,23
1T4OsaxmykKZGJlLEScbDw==,remote,edge2,cloud1,1048576,1904,1902,1821,1098,98,537,84,1087,82
TS1yR67KOE2prACs9I6ltg==,none,null,null,0,0,0,0,0,0,0,0,0,0
VR4a//3yQUiXM3mc5kY8PQ==,remote,edge2,cloud1,1048576,2369,2369,1516,998,93,336,90,772,84
YPDUh+NirU29MdK9WDZpLw==,none,null,null,0,0,0,0,0,0,0,0,0,0
mRTXAnXVREOqPcZAoGVfxA==,local,null,null,0,1023,1022,991,19,42,896,0,11,18
i/AdnnsueUuXM7IZ7o8WfQ==,local,null,null,0,1190,1189,1170,20,56,1058,0,15,19
