tId,dataPullType,FromZone,ToZone,DataSize,TotalDuration,TriggerStepClientDuration,TriggerStepServerDuration,DataPullDuration,DataPushDuration,ComputeDuration,DataMasterPullCall,DataPeerPullCall,DataMasterPushCall
6mFtkI7sWUShNb+jOug0xA==,remote,edge2,cloud1,10485760,1436,1436,1353,1145,102,21,82,1144,84
+eZf+RFg30C88RK7wNR6yQ==,local,null,null,0,100,99,81,5,29,25,0,4,17
b0yDFeMQJUuuK4ajL+375w==,local,null,null,0,52,52,47,5,13,23,0,4,4
TqY9vFygL02p3AeqwPTeyQ==,remote,edge1,cloud1,10485760,1447,1445,1362,1168,89,18,83,1166,83
TscGDatbBUa4aMKA+NFFdg==,local,null,null,0,53,52,51,7,16,21,0,4,1
xOepnwX8f0qHNutnaatmiA==,local,null,null,0,47,46,45,5,10,23,0,4,3
SyJaBXLJfkG3uL1tdn7r2g==,none,null,null,0,0,0,0,0,0,0,0,0,0
+Y/nnZHd6ke5O9lg4AHzYg==,local,null,null,0,51,50,48,5,14,23,0,3,1
5VoEvjQUkk+ephR937r8mQ==,none,null,null,0,0,0,0,0,0,0,0,0,0
4dh72yDSdEOgsD0lCWLAzg==,local,null,null,0,102,102,85,6,31,26,0,5,16
MBTzem0fO0e0nedIlswU3Q==,local,null,null,0,45,44,43,4,8,24,0,3,1
+nzJPAaHq0Cs7yrj0tvJXg==,local,null,null,0,97,96,76,5,26,23,0,4,17
3oxkB8opKkSPn4++u55VBQ==,remote,edge1,edge1,10485760,164,164,162,125,8,19,1,124,1
ln3YrmDqeUa/gbnwP5iCMg==,local,null,null,0,88,87,69,5,23,18,0,4,17
NuBe5/RZEUueGyXz0T3gnw==,local,null,null,0,91,90,74,5,25,22,0,5,17
CcY3HT44AE6fFwwG447+EA==,local,null,null,0,61,60,58,4,15,31,0,4,3
RPK2jzvUhkiJxhNQANvEig==,local,null,null,0,98,97,77,4,25,19,0,3,16
mV/Fw9yLDkiRfnhXXwF5gw==,local,null,null,0,96,95,78,6,26,24,0,5,17
8wWjRCV84EeHqi7QNsxeOw==,local,null,null,0,103,103,85,5,29,23,0,5,17
MHQ9fCL2EEOTKLkx2/Dxgg==,local,null,null,0,103,102,85,13,26,24,0,11,17
jRgiTNufE06elnNqPqqONQ==,local,null,null,0,112,107,87,6,27,22,0,5,18
SyrluF0+LkCBPookVscAHg==,remote,edge2,edge2,10485760,218,218,202,128,28,22,17,127,20
CfgbDaub+0SNh3QWF8hZ7g==,remote,edge2,cloud1,10485760,1351,1350,1269,1069,92,20,81,1068,84
V1ILGd4xIU6asuuS4VMlNQ==,remote,edge2,edge2,10485760,217,216,199,127,28,25,16,125,16
DuLIBjswd0G1Lq9tNR7MMw==,local,null,null,0,52,52,50,5,9,28,0,3,1
1fhqlKGiM0mde+Ma06yeLA==,none,null,null,0,0,0,0,0,0,0,0,0,0
iS4IoHj5xk6igf9EdO7pGg==,remote,edge1,cloud1,10485760,1523,1521,1438,1241,89,22,83,1240,83
BSuxdzL8qkOv92mt/wPczQ==,local,null,null,0,44,44,42,5,8,22,0,4,1
a6RDykqRKU+BxxtcSv19kg==,remote,edge1,cloud1,10485760,1528,1526,1439,1243,89,20,84,1242,83
7H95tJkGIU+eNadC9hav0A==,local,null,null,0,70,68,68,8,17,35,0,8,2
E1U1Hewn8E2ogWZ7Sv3yXg==,none,null,null,0,1,0,0,0,0,0,0,0,0
mahFz2K8QEq2oJoAmFp8Ug==,local,null,null,0,60,59,53,7,14,27,0,5,2
2q7uem5nxUewtgAV93yoLQ==,none,null,null,0,0,0,0,0,0,0,0,0,0
gphAN3nIJ0CFq6pCkWhQrw==,remote,edge1,cloud1,10485760,1473,1472,1390,1176,103,23,84,1175,83
QLzcNxGaZEapKswannb5UA==,remote,edge1,cloud1,10485760,1430,1429,1347,1153,89,19,82,1152,81
0HaPltDl5kSTnY7Mky0x/A==,local,null,null,0,46,43,42,5,11,21,0,4,2
ZI96GeWL2k+epuYpReS1VQ==,local,null,null,0,94,93,75,4,26,21,0,4,16
b2x+kH3tHEGvffX2EGX2NQ==,remote,edge2,cloud1,10485760,1444,1443,1361,1147,99,29,85,1144,85
f0NVF1FP1UyeRQrc8FPZ2A==,remote,edge2,cloud1,10485760,1359,1358,1276,1062,110,18,81,1060,82
Z/r9WXGpS0y4XEEy22QDhA==,local,null,null,0,45,44,41,5,8,23,0,4,1
84iuVZmj9kCneFVEBlieyQ==,remote,edge1,edge1,10485760,156,155,153,111,14,22,1,110,1
BN+XVcz4EkyvgqslYhhEmg==,none,null,null,0,0,0,0,0,0,0,0,0,0
VsFQWaZfvE6Ircw7SvH5fg==,remote,edge1,edge1,10485760,148,147,145,100,11,22,1,100,1
dvWg2BxJx0SKeQuy7Nen0Q==,none,null,null,0,0,0,0,0,0,0,0,0,0
PmD/tsY4yEWJnX8hHWbRUA==,local,null,null,0,102,102,83,6,28,26,0,5,19
QZ6aqzCewU69KWoGs34boA==,remote,edge2,cloud1,10485760,1267,1265,1183,977,92,26,83,976,83
7w2UQEMlCEeVGSsyQRvdfA==,remote,edge1,cloud1,10485760,1445,1444,1362,1169,90,16,83,1168,84
/wKvKPvb2k6dJLWl+kb+iA==,local,null,null,0,98,94,76,6,28,19,0,5,16
TsDTmWRY5UShEyUxQv8PTQ==,local,null,null,0,93,92,71,5,25,20,0,3,16
Isp612+gq02h0DA9frSOnA==,local,null,null,0,47,45,43,5,12,20,0,4,1
xH1tAAj2dkGO294arFUEYw==,remote,edge2,edge2,10485760,213,211,194,128,26,20,17,126,18
q2lNTMiQXkGjI3H7/EFJfw==,none,null,null,0,0,0,0,0,0,0,0,0,0
eOOH/wZK6ESQGl6bj9sG8g==,local,null,null,0,74,73,68,9,14,38,0,7,3
fRi2zQxDSUySnMXDPYJa1A==,none,null,null,0,1,0,0,0,0,0,0,0,0
oWsZAU2plUWPUCZ64bAZbA==,none,null,null,0,0,0,0,0,0,0,0,0,0
oBuCvAdvt0Ks+qyPTw74Lw==,local,null,null,0,88,86,68,5,24,17,0,5,17
4zRDfn0UFkScVPJPT+c01Q==,none,null,null,0,0,0,0,0,0,0,0,0,0
oLfq2TisiECrMixVRaMtGw==,remote,edge2,cloud1,10485760,1416,1415,1334,1142,88,17,81,1142,81
FngzwcXasUyo/yjnpVrKzQ==,local,null,null,0,73,72,66,5,19,23,0,4,4
Ex9Tm6ZAZEagRc66qJjclw==,none,null,null,0,1,0,0,0,0,0,0,0,0
121,101,5,33,27,0,3,22
72,43,40,17,171,17
KjFfljDrtE+1nYx71zRggA==,remote,edge1,edge1,10485760,233,230,227,155,23,32,4,153,1
