tId,dataPullType,FromZone,ToZone,DataSize,TotalDuration,TriggerStepClientDuration,TriggerStepServerDuration,DataPullDuration,DataPushDuration,ComputeDuration,DataMasterPullCall,DataPeerPullCall,DataMasterPushCall
vr8Z7G+Lck6Xl2uMq9EryQ==,remote,edge1,edge2,10485760,4351,4350,4314,586,40,3646,17,583,17
HZucDdtXqUWm/fRpSyIzSA==,remote,edge2,cloud1,10485760,4677,4676,4510,1070,106,3231,83,1073,83
jee8RFQjfEGJ4y6lkonm1g==,none,null,null,0,1,0,0,0,0,0,0,0,0
0B3oum4CNE+SYfLM29HPYA==,remote,edge1,edge2,10485760,3900,3899,3859,563,77,3196,17,561,18
F02F85ox00qF1TV9U+E72w==,remote,edge1,cloud1,10485760,4643,4642,4468,1166,101,3108,84,1163,83
tBabW8AamUa8pqmL7ii9fA==,remote,edge2,cloud1,10485760,5127,5126,4959,1548,106,3215,83,1545,84
O5R3SCM7dE+efa70HXukJg==,remote,edge2,cloud1,10485760,6022,6020,5833,1078,139,4517,84,1072,95
AvR9HH4lH0q2NyjQMC2aJg==,remote,cloud1,edge1,10485760,5487,5486,5466,2003,27,3414,2,1998,4
gs1rQ0F68kOeMy/enlb6bw==,remote,edge2,cloud1,10485760,7829,7827,7660,1120,101,6343,100,1114,84
kpP8fn3dP0Gtok7cs7WQYg==,remote,edge2,cloud1,10485760,6536,6533,6315,2156,121,3663,83,2058,85
VdxGKXNcPkS4Eo4hq+knAA==,remote,edge2,cloud1,10485760,5164,5163,4996,1694,111,3101,84,1688,86
uE1DnpGKl0+eIEIjYbcohA==,remote,edge2,edge2,10485760,3316,3315,3275,144,46,3059,18,141,18
jKnDrW6reUajA2x5hSHaZA==,remote,edge2,edge1,10485760,4753,4752,4696,597,55,3846,5,482,9
RHqECQpN+EWmLGd0LT/gYQ==,local,null,null,0,5538,5537,5532,52,87,5378,0,43,2
ih/QpCKmFkGZEKoIelMumQ==,remote,cloud1,edge1,10485760,8097,8093,8088,1771,40,6264,3,1751,5
7UnOnbWTW0Gj5Xn3w36h4g==,local,null,null,0,3388,3387,3383,31,34,3303,0,19,2
UyZZmHU7ckGd8v3wkwrxsg==,none,null,null,0,0,0,0,0,0,0,0,0,0
Ddoi/T5M+0m7Tsxiwh5Mnw==,remote,edge1,cloud1,10485760,8867,8865,8701,1911,115,6581,89,1911,84
kROrOargk0ScuUvKo7mS7w==,local,null,null,0,4400,4396,4388,32,25,4312,0,20,2
4xhwDrLzGUGpbA02z7xbhQ==,remote,cloud1,cloud1,10485760,4111,4109,3938,243,104,3410,83,232,85
Khx29KkLeUiXhxiH1YEYQQ==,remote,edge2,edge2,10485760,3311,3310,3267,139,37,3065,19,139,18
4IemWRgA3kWuk9cj08l+cA==,remote,edge1,edge1,10485760,3517,3516,3510,134,26,3338,2,111,4
XP+mEwgLlkaDrtSnx6ejcA==,none,null,null,0,0,0,0,0,0,0,0,0,0
53U3aEk560mZJ2WGwvipaQ==,remote,cloud1,cloud1,10485760,3615,3614,3447,227,109,3020,83,226,84
nzTwWGTp7EGXq4NW3OidKQ==,remote,edge1,cloud1,10485760,4724,4722,4547,1183,99,3168,85,1173,83
p9AtWXfdGEyth7NIxNSxmg==,remote,edge1,cloud1,10485760,8096,8095,7928,1161,161,6509,83,1158,111
Gh5BeB4vWUOdkBU1KLgYNQ==,remote,edge1,cloud1,10485760,4597,4596,4427,1165,111,3062,83,1163,84
3rsiC8WQw0yX61OCnqlBCw==,remote,edge1,edge1,10485760,5822,5821,5806,245,24,5518,15,243,4
68baWb8PGEO32g4ZYsvmoA==,remote,edge2,edge1,10485760,5771,5768,5766,1031,37,4690,3,981,10
Dqqlmosy/kWf8Wfv9WEXPA==,none,null,null,0,0,0,0,0,0,0,0,0,0
fU8aErfNXkyXhElJn+V+fQ==,none,null,null,0,0,0,0,0,0,0,0,0,0
uptSEJEYaUqWMhnqRY6Jdg==,remote,edge1,edge2,10485760,4503,4502,4466,431,53,3930,17,429,20
SJVyjDVJXUy6/GQdA87UfA==,remote,cloud1,edge1,10485760,4874,4873,4864,1679,28,3148,1,1677,2
xU99eFcHI0ip9AF9J1CBEQ==,remote,cloud1,cloud1,10485760,4381,4374,4207,235,109,3772,84,232,83
gQnWR85f6ESo8suR0bz1zA==,remote,edge1,edge2,10485760,5925,5925,5889,1050,53,4762,20,471,17
okGinXFuQESXJ4GGvjj1OQ==,remote,edge1,cloud1,10485760,5668,5667,5501,1915,104,3389,86,1912,83
5o4/YeQisUWy/lbUefcUaw==,remote,edge2,edge1,10485760,3982,3981,3977,642,40,3280,2,624,14
uL8iDNCUq0KAiMaorhAvYA==,remote,edge1,cloud1,10485760,8312,8311,8130,3367,106,4567,84,2463,84
aXX8jpNrT0eY4TQjBx/nog==,remote,edge1,cloud1,10485760,7507,7506,7335,2089,133,5011,85,2089,85
zuE02TWUxUicuFkERo/+2Q==,none,null,null,0,0,0,0,0,0,0,0,0,0
3mChh74ZpEu9yuven1RQGg==,none,null,null,0,2,0,0,0,0,0,0,0,0
ArzfplAe30+Dawz5z6TQTg==,remote,cloud1,edge1,10485760,6643,6642,6637,1111,37,5464,23,1110,3
ypnI8FANrE2wlicKgbYJ1Q==,remote,edge2,cloud1,10485760,5713,5712,5545,974,101,4384,83,967,83
mIDoolWozEm8mdgam6PsiQ==,local,null,null,0,3438,3437,3262,22,105,3043,0,18,85
IDOEJnynCkefcZuOboQNfQ==,remote,edge2,edge1,10485760,3795,3793,3789,516,35,3225,2,478,7
YBrUEJ1sgEOfi4vDMJImQA==,remote,cloud1,cloud1,10485760,4087,4083,3902,245,107,3435,84,243,83
K4/09ff/mUOu450rSkEiKg==,none,null,null,0,0,0,0,0,0,0,0,0,0
BNPLYpw9TU60rP2TTv3Z5w==,remote,cloud1,edge1,10485760,7418,7417,7410,2193,52,5137,3,2189,12
Zi1PXAyEakCmeKx0ItNqWQ==,none,null,null,0,0,0,0,0,0,0,0,0,0
SlVd40scc0W8NHPg8lF1Kg==,remote,edge1,cloud1,10485760,6244,6243,6081,1169,121,4682,83,1161,84
VjnUtyvE2UebmdVIG1jkgg==,remote,edge2,cloud1,10485760,4612,4611,4442,1072,104,3156,84,1070,84
Pn4rZLdbrUG2hPSVflDHpQ==,remote,edge1,cloud1,10485760,4435,4435,4268,1168,109,2901,83,1164,87
NKXoj3+Y50+wNTNY5jG+Yw==,remote,edge2,edge2,10485760,5906,5905,5868,1050,48,4736,18,140,18
Z6GxmE4OzEK/GEMZMMdnLQ==,none,null,null,0,0,0,0,0,0,0,0,0,0
ogRHaYA07Uu5DMMQeGCnug==,none,null,null,0,0,0,0,0,0,0,0,0,0
2BNmMU9RW0aBM8T/KM7Fng==,none,null,null,0,0,0,0,0,0,0,0,0,0
bWiNh1SMykuiUNs/N7Qb6A==,remote,edge1,edge1,10485760,3637,3635,3628,171,24,3425,2,170,2
baYSU2IIjEik9umS1r8eVg==,remote,cloud1,edge2,10485760,5665,5665,5626,1709,34,3850,17,1704,18
wHLqcENu90abiaMF6F3wuA==,remote,edge1,edge2,10485760,4187,4186,4148,584,43,3491,18,580,19
4QpDmU3yTkGeyeWFhs4Bhg==,local,null,null,0,5498,5497,5479,46,64,5350,0,43,3
