tId,dataPullType,FromZone,ToZone,DataSize,TotalDuration,TriggerStepClientDuration,TriggerStepServerDuration,DataPullDuration,DataPushDuration,ComputeDuration,DataMasterPullCall,DataPeerPullCall,DataMasterPushCall
wnWgPk/nQEugMGG1Rlkpfw==,remote,edge2,cloud1,10485760,1426,1425,1261,1061,97,17,82,1059,82
ngZ0wUxMR06BstFcrPVgwA==,remote,edge1,edge2,10485760,780,780,740,664,32,20,18,662,19
C+cMUTlM9UyI6thb1xKl2A==,remote,edge2,cloud1,10485760,1445,1444,1275,1070,99,18,83,1069,83
gQkddGj2rkiDHTsUbGQP5Q==,none,null,null,0,0,0,0,0,0,0,0,0,0
lVj2PPxsJki+MsKmfEsqvA==,remote,edge1,cloud1,10485760,1542,1541,1379,1165,105,23,82,1156,83
ZAa9t5uTyUKACZkBKW2LJQ==,none,null,null,0,1,0,0,0,0,0,0,0,0
+EUkZ+bOU0CHkPmnXTRzuw==,remote,cloud1,edge2,10485760,2817,2815,2781,2692,42,26,19,1747,19
oGxGNbikRkyomb6+UByTUg==,remote,edge1,edge2,10485760,597,595,560,473,47,19,18,469,27
biEKMziSSUKRICX/wt7lTw==,remote,edge2,cloud1,10485760,1456,1454,1287,1071,99,29,83,1070,83
BtgPQmJ2J0maMXCK3Tw6bw==,remote,cloud1,edge2,10485760,4214,4213,4178,4072,41,44,17,4063,17
5eAlvGl4vUSKaqQgIyCaog==,none,null,null,0,0,0,0,0,0,0,0,0,0
v4kL5qzmBE69cfWKdVsLug==,local,null,null,0,160,159,127,21,43,38,0,20,17
fCFXBeYXcUWdZB++rn4Dvw==,remote,cloud1,edge2,10485760,3628,3628,3593,2507,1033,30,16,1686,17
skxAEQGDLEiyq+QUpz0b+Q==,remote,edge1,cloud1,10485760,1543,1542,1377,1166,100,22,83,1166,84
TLsmn72JHUiEkRqNszzyyw==,remote,edge2,edge1,10485760,1530,1530,1520,1457,19,26,13,433,1
FN09MsrDXE6wWdM1u0oGOw==,remote,cloud1,edge2,10485760,2616,2615,2582,2510,32,19,18,1752,18
d3D4BNz0i0qffBiG2Ga6HA==,remote,edge2,cloud1,10485760,1435,1434,1272,1062,100,22,82,1061,83
iobgsM+e5Eij+dw49p5IyQ==,remote,cloud1,cloud1,10485760,589,587,425,222,97,19,82,221,83
dlGdw6yte0qUUkdeutAnQg==,remote,cloud1,cloud1,10485760,614,613,443,225,97,29,83,225,83
LqpoigQB40yyIsP5l/Pofw==,remote,edge2,cloud1,10485760,1440,1439,1277,1063,99,26,83,1061,82
63ENhvVhDEGeeQCBESqJiw==,none,null,null,0,0,0,0,0,0,0,0,0,0
PKt/XeT0N0ugP546xK3YfA==,none,null,null,0,1,0,0,0,0,0,0,0,0
NkchajtB0kyKc912HdRXqA==,none,null,null,0,1,0,0,0,0,0,0,0,0
AYMIt1h0AkmyLCFnXsh1qg==,remote,edge1,cloud1,10485760,1512,1510,1348,1145,97,21,83,1143,82
i2iE1rCvnEOJiEunLAdp3w==,none,null,null,0,0,0,0,0,0,0,0,0,0
hjfBie1fe0qeWZYaeqEojg==,remote,edge2,cloud1,10485760,1567,1567,1397,1184,102,22,83,1182,84
1xm6I7gf3kqoywSQQBQb8w==,remote,edge2,cloud1,10485760,1435,1434,1269,1062,98,24,83,1062,83
Jc1QbNJK/06bs8UbFeYVXA==,remote,edge2,edge2,10485760,270,270,236,147,43,23,17,146,20
D/mKP1bVj02yDv3WAechrw==,remote,cloud1,edge1,10485760,1155,1154,1151,1096,25,24,3,1094,1
veZmYTxBIUmCDRrZ5wfiew==,none,null,null,0,0,0,0,0,0,0,0,0,0
m+XsXMBp3Uy2GJ7YKej+yg==,local,null,null,0,1120,1118,1085,20,1019,25,0,19,18
f7XehOWzPUWPMFIaREJhog==,none,null,null,0,0,0,0,0,0,0,0,0,0
3cGoxx5bYEii6JBj00pJmw==,remote,edge2,cloud1,10485760,2256,2254,2090,1087,880,35,83,1084,87
p6Bzo6l450mpeWOTIDKVyg==,remote,cloud1,edge2,10485760,1842,1841,1808,1705,45,32,17,1702,18
oeBfnoOpoUm2YEd1jp4dPw==,remote,edge1,edge2,10485760,1124,1123,1087,1000,50,18,38,455,19
VMuB0bqi8UmR3LT5uLaZjw==,remote,edge1,edge1,10485760,1108,1107,1103,1020,36,31,1,143,3
Rhn85KzOT0GExtr4dfJ37Q==,remote,edge1,cloud1,10485760,1558,1557,1392,1177,101,24,83,1167,85
IHBv2G0S+EKCFWldFKS28Q==,remote,cloud1,edge1,10485760,1146,1145,1140,1069,25,40,3,1065,2
HvJbyZYLnU+nUiy59hKsOQ==,local,null,null,0,90,90,85,23,18,31,0,22,1
6BVwDMLc40m9Rg/fSddvyA==,remote,edge1,cloud1,10485760,2256,2256,2081,1158,794,36,85,1156,83
tMwrLYl67kaB9SqEkI1QEw==,remote,edge2,cloud1,10485760,1454,1454,1291,1070,98,37,83,1067,82
mW1wGsd+ykOdVLit53ez8Q==,remote,cloud1,edge1,10485760,1148,1147,1145,1083,24,31,1,1081,2
8nEyaxRtQUe37GaMaEvLpA==,remote,edge2,edge1,10485760,531,529,526,414,51,49,2,412,3
yk59l8IfXkawwAalE8uACw==,remote,edge2,edge2,10485760,246,245,211,132,34,22,18,130,19
TZZrDG9USkGvqATl9T3PGw==,remote,edge2,cloud1,10485760,1451,1451,1286,1077,99,21,82,1072,83
tx1CYoje3EyA3IuteTRwWw==,remote,edge1,edge1,10485760,159,159,157,111,17,21,2,109,1
oHQTYcOdske8NC7Nw3iTIQ==,remote,edge2,edge1,10485760,497,496,492,425,28,30,19,423,3
Mm3CXaheWkOgKWiMU73jUg==,remote,edge1,edge2,10485760,742,741,708,605,48,30,20,596,18
NEiaWz+T/0qIpVgfPThG7Q==,remote,edge1,cloud1,10485760,1549,1548,1382,1170,100,22,83,1168,83
Y4wQfjyewUGW2udvvnZ/bg==,remote,edge1,edge2,10485760,2009,2009,1973,1854,60,39,21,451,17
5THLo1ZkzUu9yhOQvNXz9g==,remote,edge1,cloud1,10485760,1531,1530,1365,1161,97,22,83,1160,82
xLweVgZ7nkOTPNc9Y8lvbA==,remote,edge2,cloud1,10485760,1442,1441,1275,1069,98,22,83,1068,83
trwYXta2Tk6WnohpcidNaA==,remote,edge2,cloud1,10485760,1549,1549,1381,1177,98,18,83,1175,84
ttDkt947rUiqlp+4RVGPOA==,local,null,null,0,383,382,216,12,98,19,0,11,83
IB1hH0ZhaEyLi3tsnJBTgw==,remote,edge1,edge2,10485760,697,696,659,585,32,22,19,583,18
EncmAye5ikicwSWVmMFTOw==,none,null,null,0,0,0,0,0,0,0,0,0,0
YxyGoaWDd0qhHrhnIxndlw==,none,null,null,0,0,0,0,0,0,0,0,0,0
qrLd/l+HoEyT6aHkxbxZmw==,none,null,null,0,0,0,0,0,0,0,0,0,0
U/1XHlwy0UWz32ngVg8dhw==,remote,edge2,edge1,10485760,445,445,443,390,21,24,1,387,3
BMUaWob1WEOT0YPysGf2QQ==,remote,edge2,cloud1,10485760,1548,1547,1381,1176,99,18,84,1173,84
