tId,dataPullType,FromZone,ToZone,DataSize,TotalDuration,TriggerStepClientDuration,TriggerStepServerDuration,DataPullDuration,DataPushDuration,ComputeDuration,DataMasterPullCall,DataPeerPullCall,DataMasterPushCall
7RcTBF/kjkWGkwKzTVwHvQ==,remote,edge2,edge2,104857600,1235,1233,1216,962,39,194,17,960,17
tq7yx4ao2kKVxj1ctZVmTA==,none,null,null,0,1,0,0,0,0,0,0,0,0
0mRbgG8lfEKt6syKFhyK/w==,none,null,null,0,0,0,0,0,0,0,0,0,0
mEBSqh3ZwUyk5invdsK2CQ==,remote,edge1,cloud1,104857600,4121,4119,4037,3672,106,171,82,3670,81
8yz8/p/5CUmxynsytbDCbg==,remote,edge2,cloud1,104857600,4615,4610,4526,3434,798,207,83,3433,84
kuphQuDSukekZF6mh6SU+A==,local,null,null,0,254,253,250,5,26,213,0,4,1
ba0Rzhhd7UalbjxdxkVAUQ==,remote,edge2,cloud1,104857600,5225,5225,5142,4779,105,172,83,3778,83
5pN+tW8kyU+wJMVGwbD5WA==,none,null,null,0,0,0,0,0,0,0,0,0,0
E5nvPqilw0GEy/itlu8JTg==,local,null,null,0,285,284,283,7,45,210,0,7,3
kbBj+92WvU2Wn/7CZjlxPA==,local,null,null,0,286,285,264,9,39,186,0,8,19
78yRZMS+a0K//QLs7ObllQ==,remote,edge2,cloud1,104857600,5696,5695,5612,3763,1596,166,83,3762,83
FqXD8jzRf0i996byt0r0AQ==,remote,edge2,cloud1,104857600,4688,4687,4604,3396,924,197,83,3395,82
emiMh12CnEm9yKE+32nJSQ==,local,null,null,0,301,300,297,7,50,224,0,7,3
zRXQiuavLkuZSy7whTxreg==,local,null,null,0,269,268,263,6,28,225,0,4,4
PbY3CeMlQUeF+MxPYimRJg==,none,null,null,0,0,0,0,0,0,0,0,0,0
3xMbNdjgdUy4MxngJmeQLg==,remote,edge2,cloud1,104857600,4241,4239,4156,3757,105,208,83,3756,84
2Jaw0DMMHECLV0YWQfz0WQ==,local,null,null,0,302,301,283,6,53,201,0,5,21
B6bAXRCOpEasivUyiuwXLA==,local,null,null,0,278,277,260,6,42,190,0,5,17
I6qtJCFQqESyONIlLaA3zQ==,local,null,null,0,280,279,278,6,32,218,0,3,2
blFgy6be6kuRrqql/n7CwA==,remote,edge1,edge1,104857600,1211,1208,1206,966,28,204,3,964,2
jmIQ9sciuE65wanH1AHp1A==,local,null,null,0,294,287,269,5,45,195,0,4,17
5aE83PTc20G8ERZym5HgSg==,local,null,null,0,288,287,270,6,39,196,0,5,18
JKwlsUxlvUK/9BoeZdIl8A==,local,null,null,0,274,273,272,12,25,228,0,10,1
hWgUtHKjuEanG3bXWpvb7Q==,local,null,null,0,260,259,256,9,27,214,0,6,2
4GYKfx97Kk6FmDfVfDb2UQ==,remote,edge1,edge1,104857600,1751,1749,1745,954,368,415,1,952,2
EtI456KGLECA4Qs+9qXezQ==,remote,edge1,edge1,104857600,1201,1201,1200,952,46,197,1,950,2
Sg7AOsU0J0az7eCfDydSkw==,local,null,null,0,283,282,263,4,43,187,0,3,18
dRk2yWe3lE+0ikzjcNo/Lg==,local,null,null,0,274,273,256,5,43,184,0,4,17
SBO5uwuhmUy3Er5YgG5RhQ==,local,null,null,0,294,294,277,7,42,203,0,6,17
TtAVoPR3TUqGbo0zW0S9gw==,none,null,null,0,0,0,0,0,0,0,0,0,0
jZCB87XQ00+3DxauzbTRIw==,none,null,null,0,0,0,0,0,0,0,0,0,0
zzUPNntUDke8NWF3A7tj4w==,remote,edge2,cloud1,104857600,4533,4532,4448,3391,765,207,81,3390,81
30m52fkqZUe8ZXv/6D8vZg==,remote,edge1,cloud1,104857600,5265,5262,5178,4118,759,212,83,3686,84
6k1tisF4o0i6MIUjYG2AUA==,local,null,null,0,322,322,303,8,43,230,0,4,17
AlHvT0TriEa1CD5a5dXNTA==,local,null,null,0,265,262,261,6,26,224,0,4,2
3CiaYzelkE6YAMo4n2a8Ow==,local,null,null,0,281,280,277,5,32,231,0,5,8
1Nt3jKjWzUGLPcBaGCVf4A==,remote,edge2,edge2,104857600,1254,1254,1237,984,39,193,18,981,16
tIiYZ1MH3EKQMSITSSmKRA==,remote,edge1,cloud1,104857600,5027,5025,4943,3694,108,1054,82,3692,81
4nVAH3MfOkSBa+5M8qE1IQ==,none,null,null,0,0,0,0,0,0,0,0,0,0
kyjpr/rCX0m3mpHx95y/ow==,local,null,null,0,267,265,262,6,28,219,0,4,1
uuSVe3GuCUqs5TLJi/eB5Q==,local,null,null,0,832,830,826,5,601,212,0,4,1
5FbM4P2c2EWVInQhjtKFRA==,local,null,null,0,305,303,283,4,45,200,0,3,18
NGzTjl/xq0uFdC2k669h4w==,remote,edge1,cloud1,104857600,5356,5355,5273,4644,337,206,81,3643,81
Pb+WbSKD7ka6Cap7xjnHzQ==,local,null,null,0,843,842,840,7,614,209,0,6,5
5aGwDA33o0ONjdSlOyKgXA==,local,null,null,0,256,255,251,6,27,213,0,4,4
JQaCI5wuAkGNUZtwIlk6Ww==,none,null,null,0,0,0,0,0,0,0,0,0,0
W+um8QId/USn1kVLVmzUVw==,local,null,null,0,222,221,218,7,23,181,0,4,1
jPCY23KIq0OQoAzOTmbNeA==,local,null,null,0,293,292,270,9,42,185,0,7,18
0oSh2wallkmHydOsrUMMLg==,none,null,null,0,1,0,0,0,0,0,0,0,0
biHmugW6YEu0Vqa6qVjLXw==,none,null,null,0,0,0,0,0,0,0,0,0,0
x4sk4nrPNUSt30aS5qjDfw==,remote,edge1,cloud1,104857600,4780,4779,4695,3738,684,185,84,3736,86
z+glcxxs+0+fRpmGggdklg==,none,null,null,0,1,0,0,0,0,0,0,0,0
7w9z1PdpfUeDE3m0xWqqsw==,local,null,null,0,293,292,272,9,44,190,0,6,16
Ol0zXoNjBkSmdFA4cs2q3Q==,local,null,null,0,288,288,266,5,41,195,0,4,17
LuIMsmrSrkqlEps4sDFiHw==,none,null,null,0,0,0,0,0,0,0,0,0,0
YwKwUiF5pkmsAnDW8stvEg==,remote,edge2,edge2,104857600,1268,1267,1250,986,42,197,19,984,17
Zd2f4DHCH0Skgt0kR1Fvew==,remote,edge1,cloud1,104857600,4156,4155,4073,3658,112,216,82,3657,81
CrkQ9/rQG0+2Y0RBeug1IQ==,local,null,null,0,329,329,306,6,40,231,0,7,17
M4fJz+MJo02i7qbjo5GYCQ==,local,null,null,0,285,284,283,13,27,234,0,4,3
i27Rq78LLEOpEXF/MgKh+g==,local,null,null,0,318,318,297,5,61,200,0,3,18
32,15,57,230,0,11,17
2,12,47,206,0,11,3
