tId,dataPullType,FromZone,ToZone,DataSize,TotalDuration,TriggerStepClientDuration,TriggerStepServerDuration,DataPullDuration,DataPushDuration,ComputeDuration,DataMasterPullCall,DataPeerPullCall,DataMasterPushCall
NHR2ex/wNE+v40DG278DCA==,local,null,null,0,92,89,82,36,33,5,0,4,1
CXAUV1b38UOATOqzvSJirg==,remote,edge1,cloud1,1048576,1183,1182,1017,825,87,16,83,824,82
3+Sru8DdHE6iVbg5qsah9g==,none,null,null,0,0,0,0,0,0,0,0,0,0
2lige10EfUaq4qzqbTppHQ==,local,null,null,0,101,101,67,5,25,15,0,4,19
Y+aa5iC0Qk+33+SywQ6YHg==,remote,edge1,cloud1,1048576,1203,1202,1028,835,92,10,83,828,84
mUSid9yDOUiMXWFNluFEDA==,remote,cloud1,cloud1,1048576,493,493,324,135,90,8,83,134,85
TQxMLB17tkStMFnY/6YhOA==,remote,edge1,cloud1,1048576,1764,1763,1597,831,674,5,86,830,82
cN7Tjgb8pkaZvubXrdBnLQ==,remote,edge1,cloud1,1048576,1803,1802,1640,818,720,7,83,813,82
0L5DbxxFu0aTGEvOhK5AfA==,remote,cloud1,edge2,1048576,872,871,837,778,25,10,17,768,17
gELSS3PkIkW/0rsFbXn30g==,remote,edge1,cloud1,1048576,1187,1186,1020,829,87,15,83,828,83
hqa2awVgVEWV9MfKA2d6sA==,remote,edge1,cloud1,1048576,1165,1164,991,811,87,7,82,809,82
KCq9zBFMH0GQf9if9ZdLsw==,remote,cloud1,edge2,1048576,793,793,757,692,37,7,18,690,19
ZFsBsqZ9VEWokd8DOOoQVg==,none,null,null,0,1,0,0,0,0,0,0,0,0
1zGE5hzmf0KqEsbnoswZkw==,none,null,null,0,0,0,0,0,0,0,0,0,0
pClPh0KuoUi7tPARqVJ/NA==,none,null,null,0,0,0,0,0,0,0,0,0,0
fKf6pAfdnEi6ERNRPQZXKw==,remote,edge1,edge2,1048576,273,272,238,167,27,16,17,167,17
poi/IBMWckGLFfL2Td3QZg==,remote,edge2,cloud1,1048576,1901,1900,1738,1546,87,17,162,837,82
USy0iBXhOkKn03fppz7dkA==,remote,cloud1,edge2,1048576,787,786,752,694,26,11,18,690,19
YVAM8CzVM0adkv0zjWEkuw==,remote,cloud1,cloud1,1048576,475,474,308,131,87,3,83,127,83
qFGduOU2MkW0tdt9HHqakw==,remote,edge1,edge1,1048576,70,70,67,35,9,15,1,31,5
W/EI2W2Fa0SUCtp0HFOdoQ==,remote,edge2,cloud1,1048576,1184,1182,1017,835,90,4,83,834,83
Og90GJeW10GOsarDZBbyKg==,remote,edge1,cloud1,1048576,1192,1189,1023,829,95,11,83,826,83
IETWcWtNlUuaZowzOmhRfA==,remote,edge1,cloud1,1048576,1389,1384,1000,821,88,4,82,818,82
LyqRk+f5uk6CsQ2UOhLNrg==,remote,cloud1,edge1,1048576,796,795,791,746,26,14,2,744,4
EhekAdNut0KZv76FUkaWZA==,remote,edge1,cloud1,1048576,1195,1194,1028,829,96,15,83,827,91
WBiXBJna30uWJMqLJ0+jlA==,remote,edge1,cloud1,1048576,1171,1169,1004,813,88,17,82,812,83
I3q1E3JBfkOlo3CJLFj3ag==,remote,edge1,edge2,1048576,293,292,254,172,38,21,20,169,17
wWKYABZnVUasRizNgPwkzw==,remote,edge2,cloud1,1048576,1188,1186,1021,833,92,9,83,832,84
dSAjZQ6u0EWM0NZTRoRoxw==,remote,edge1,edge1,1048576,54,53,49,29,8,5,1,28,1
qsLvOLA97Ue2gnMsPO5Uig==,remote,edge2,edge1,1048576,186,186,183,155,8,13,1,154,2
WshKyY7DSUmQIIGbHojpRA==,remote,cloud1,edge1,1048576,1373,1372,1370,1301,50,13,8,736,3
YB2OvgS9pkWctmNZ15EuGA==,local,null,null,0,347,347,183,3,86,7,0,2,82
V8vwxpnWIkOQ/iysSG9f+w==,remote,edge2,cloud1,1048576,1131,1129,964,767,100,9,83,760,91
20lRAEOPdkK2aOEHKWZJrA==,none,null,null,0,0,0,0,0,0,0,0,0,0
1fkUvA4i0ka1q9raI5/JTw==,remote,edge1,cloud1,1048576,1795,1794,1632,812,726,6,82,810,82
5gNK9xM830u3poqsa7tbjw==,none,null,null,0,0,0,0,0,0,0,0,0,0
BvYrOHC5Zk+pJ6cRNTEUeQ==,none,null,null,0,0,0,0,0,0,0,0,0,0
XEOmHeoRXESkDcRzt49Rzw==,remote,edge2,edge1,1048576,217,217,213,159,23,22,3,155,3
+iOYqHZeu0eW2pciU/bcBg==,remote,cloud1,cloud1,1048576,489,489,326,137,91,11,82,137,87
IqhbmSFRh0K+5UWNKrTvdQ==,remote,edge2,cloud1,1048576,1108,1107,941,764,86,5,83,763,83
9Ch9hcu83UO2RlYmusBaRw==,local,null,null,0,1076,1075,913,3,817,5,0,2,82
aFh2m0kI1UelJOf9aZWlAg==,remote,edge1,cloud1,1048576,1230,1229,1063,817,129,28,82,812,83
Icrxmrjq4UezJxVXQX/Hpg==,local,null,null,0,353,352,187,3,90,6,0,2,83
QvWHndi3+Um+hiM9QO+klA==,none,null,null,0,0,0,0,0,0,0,0,0,0
9u7vXyBOJEejjKbcgIIcdg==,remote,cloud1,cloud1,1048576,484,482,315,133,90,4,82,131,83
/c/EbVznbEWbXTraa5mbsg==,remote,cloud1,edge1,1048576,791,791,787,750,19,10,2,745,1
wmfS1DNXkUqoC8kQ0wMOEA==,remote,edge2,cloud1,1048576,1154,1153,987,769,120,8,83,763,84
kwHr2nMXmUymWwwXHgQ3FA==,none,null,null,0,0,0,0,0,0,0,0,0,0
h/R+2K0H0kCC6bw1uXq9cQ==,none,null,null,0,0,0,0,0,0,0,0,0,0
AR9Xei/EfUiUMrN5coQeHQ==,remote,edge2,edge2,1048576,124,124,90,34,22,5,18,33,17
p8mDMh2fgk+5jsebtnesVg==,remote,edge1,edge1,1048576,96,94,88,34,9,16,2,32,1
885thQtwok+bcWSpsoQ9oA==,remote,cloud1,edge1,1048576,1462,1461,1458,730,704,15,1,728,9
sfenE6SuG0Ku6q6wvSeAUw==,local,null,null,0,99,98,65,4,25,11,0,3,21
4+BhV6vveUeLw48fxEZdLg==,none,null,null,0,0,0,0,0,0,0,0,0,0
r2iNhWlUA0+KEls55j+K1w==,remote,edge2,edge1,1048576,241,226,221,170,7,28,1,166,1
LYAA9dpgokaSkVO3zz5fqQ==,remote,edge2,edge1,1048576,185,181,179,154,7,11,5,154,1
G1xQ3o3v3kuRoM2n4GlTHA==,none,null,null,0,0,0,0,0,0,0,0,0,0
AXvH9jBfCUO9+NTIrpEyEQ==,local,null,null,0,349,349,186,5,90,4,0,3,83
GcdkNHPPJku1KCLELdY58Q==,remote,edge2,cloud1,1048576,1100,1100,936,753,86,5,82,752,82
DB56n6zBFkS7w8v51PFIyA==,remote,cloud1,cloud1,1048576,1279,1277,1115,132,890,4,82,131,82
1kT2GF5Q==,remote,edge2,cloud1,1048576,1873,1873,1702,695,94,10,85,692,86
1,1048576,1655,1649,1483,855,102,322,97,849,83
