tId,dataPullType,FromZone,ToZone,DataSize,TotalDuration,TriggerStepClientDuration,TriggerStepServerDuration,DataPullDuration,DataPushDuration,ComputeDuration,DataMasterPullCall,DataPeerPullCall,DataMasterPushCall
qARbvkRwrUun1dgFMevcxg==,none,null,null,0,0,0,0,0,0,0,0,0,0
UloANOOuZ0CKc02kr3wVSw==,remote,edge1,cloud1,10485760,5170,5168,5085,1845,100,3053,98,1843,93
FysVWPHwKkKRnILJ8Gv+NQ==,local,null,null,0,2759,2758,2757,3,16,2733,0,2,9
pevzEHAQ8kSLyVJTrluLwQ==,none,null,null,0,0,0,0,0,0,0,0,0,0
0U9X5dx78keHhhszE5ubzA==,local,null,null,0,3169,3168,3152,4,32,3093,0,5,25
Nhtu9sgk6kCV96q5fCzMAw==,local,null,null,0,5069,5068,5060,63,18,4929,0,41,3
+Hq8WKeuA0OlkI6K7PL1yg==,none,null,null,0,0,0,0,0,0,0,0,0,0
GftSF2twhkmBfO+HsuzG6A==,local,null,null,0,2562,2561,2561,3,22,2532,0,3,14
EbFImSY0UEuCDbEyzBimoQ==,none,null,null,0,0,0,0,0,0,0,0,0,0
Dp51Dg7KWk+dfx4gC+4ALA==,local,null,null,0,5104,5103,5103,21,83,4959,0,17,17
w4Dl13yjukyxHwqyiCr6Jw==,local,null,null,0,3652,3651,3647,6,38,3563,0,5,17
7OBZ+VrVV0ev55WyAQ0T6w==,remote,edge1,cloud1,10485760,4761,4761,4679,1174,99,3320,89,1173,90
thsXVbYXuU6+EDt7xfL3tA==,remote,edge2,cloud1,10485760,4985,4984,4901,1202,99,3511,97,1199,91
ewQRNCXY1U2J+mC9VjlM+Q==,remote,edge1,cloud1,10485760,5044,5044,4961,1263,106,3503,93,1262,89
RIwb7BXmf0+GQZReEx/BNQ==,local,null,null,0,3604,3603,3586,5,38,3522,0,4,29
8HpUALSorUCP1CLnC5e6Rg==,remote,edge1,edge1,10485760,2999,2998,2996,358,16,2617,15,357,10
opI46OVW80e4FLdK7ed+OA==,none,null,null,0,0,0,0,0,0,0,0,0,0
uhAPPSUA1EW94T34c1HD9A==,remote,edge2,cloud1,10485760,4751,4750,4668,1195,94,3289,101,1194,86
sDoE/P2UlUGJCM7/7F6cGg==,local,null,null,0,3185,3185,3168,4,36,3105,0,4,29
gt05ELHIsUKMTN38oYJu3g==,remote,edge2,cloud1,10485760,4921,4921,4840,1188,96,3470,89,1182,87
hSGaUnDxuEmOTTprPZL7Gw==,none,null,null,0,0,0,0,0,0,0,0,0,0
BFMCwWqWi0qbS0KvGO0jzw==,remote,edge2,edge2,10485760,3294,3294,3276,144,39,3071,33,143,31
SSl5U8BkNkSS++XPJvnY1A==,local,null,null,0,4537,4536,4523,46,48,4399,0,46,11
zB02Wdytsk2HbccnXRG8SQ==,none,null,null,0,0,0,0,0,0,0,0,0,0
bbtWlhJSMkuD0TFy8PlQ+g==,remote,edge1,cloud1,10485760,4800,4799,4718,1186,96,3349,86,1185,88
+s/uV2MPM0asDdA094DyMA==,local,null,null,0,3562,3561,3544,8,36,3477,0,5,28
m4zcVZClXUmLTQ4K8y4NEQ==,local,null,null,0,3430,3429,3410,10,34,3340,0,8,26
OH7oZ2UB40qMPl4RtbTNjA==,local,null,null,0,4194,4193,4187,53,22,4093,0,46,5
A+ESSBBZL0SrupR+GTp8cg==,remote,edge2,cloud1,10485760,4854,4853,4770,1189,104,3391,101,1188,96
GiaVugkHU0qtiNHgkfwr8w==,local,null,null,0,3490,3490,3473,8,40,3402,0,7,30
J59AZTx6UkK+KGsZtxVcNg==,local,null,null,0,4619,4618,4611,37,55,4502,0,33,13
E8fMvfUR3UeuN8pW/vjgfA==,local,null,null,0,3234,3233,3215,4,34,3155,0,3,25
3Y8xztFKPkm5+0SUfsrIEg==,local,null,null,0,3458,3457,3441,5,33,3380,0,3,25
vEdvLdMbwECz4pXrWjhXRQ==,local,null,null,0,3531,3529,3511,5,38,3443,0,3,29
nDYGnVbAw0OLIlUn5vhVqg==,local,null,null,0,5249,5249,5243,30,30,5151,0,23,5
GxQwxVMsB0iKA1os3oXytw==,remote,edge1,cloud1,10485760,5064,5063,4980,1273,109,3508,104,1271,96
1YFKfq/DRUStex19jDmNgg==,local,null,null,0,2595,2594,2593,6,15,2567,0,4,8
wFMz4DF1/ECbH5iqKLR/gQ==,local,null,null,0,3422,3421,3404,6,26,3350,0,5,18
+YYFE4dS30+vSScG5uN9xA==,local,null,null,0,5649,5647,5641,25,32,5571,0,17,5
K7OKUKgo90uHkHwivWMH8A==,local,null,null,0,2553,2551,2550,4,18,2525,0,3,12
39hmEn7TvUOHTbKmPgGprQ==,local,null,null,0,3320,3319,3302,6,40,3235,0,5,34
1gTyThBFik2LfizeQzte1g==,local,null,null,0,4566,4564,4560,17,74,4449,0,11,10
fXiVm/K42kWMN2aBpcxtTw==,none,null,null,0,0,0,0,0,0,0,0,0,0
jh2hdogXlkO8M1v9o04aJQ==,local,null,null,0,3197,3196,3179,4,46,3106,0,3,39
AI2EufuIpkKwkUmxREAvoQ==,remote,edge2,cloud1,10485760,5004,5002,4918,1195,102,3534,92,1191,95
vbeM8oTbF0mBvB2lb4z9ug==,none,null,null,0,1,0,0,0,0,0,0,0,0
uEErg0aKWU6vIHJZeaZ7aQ==,local,null,null,0,2604,2602,2601,3,18,2576,0,2,13
H4NRoVDVG0+5iB7n5tuy6w==,remote,edge2,cloud1,10485760,4810,4810,4725,1190,102,3343,90,1192,92
5EUpgkotEEOU6Sn2//78Hw==,remote,edge1,cloud1,10485760,4910,4910,4826,1270,105,3364,102,1269,91
0CWZoz1kEUa62DYBfj9YFg==,local,null,null,0,2588,2588,2588,3,19,2560,0,8,14
TGgqa3kom0SsyP1k4bqdCQ==,remote,edge1,edge1,10485760,2692,2692,2691,133,14,2541,6,132,7
+pzYxlIn6UWl2yFIOY5DJA==,local,null,null,0,3124,3123,3106,5,37,3043,0,3,30
fphvEwOUeUy0CO40AlqOGQ==,none,null,null,0,0,0,0,0,0,0,0,0,0
bLYw0V4t4EertlSI0fd+SA==,remote,edge1,edge1,10485760,2701,2701,2700,157,22,2516,7,155,15
4Khlp7azoEqoMYiUA21a3w==,remote,edge2,edge2,10485760,3361,3360,3342,138,31,3153,24,136,22
Vy6C2nBraUOPgx+i1bZg1A==,none,null,null,0,0,0,0,0,0,0,0,0,0
Y1bsSXYbVUq6RAhOriU3hA==,local,null,null,0,4814,4814,4805,129,39,4617,0,127,16
9SNg7fd/mESRU8HMyt+j1w==,none,null,null,0,0,0,0,0,0,0,0,0,0
D2MMC0Kr1EKz5rpWMo4dEQ==,remote,edge2,edge2,10485760,3277,3277,3260,145,33,3061,27,143,26
6p4trd7l/USCfpLUymOBKw==,local,null,null,0,3615,3614,3594,22,35,3512,0,17,28
