tId,dataPullType,FromZone,ToZone,DataSize,TotalDuration,TriggerStepClientDuration,TriggerStepServerDuration,DataPullDuration,DataPushDuration,ComputeDuration,DataMasterPullCall,DataPeerPullCall,DataMasterPushCall
lHgtekiY5kCI8L+2ZGbf/g==,remote,edge2,cloud1,104857600,85263,85262,85091,3531,450,81010,89,3524,84
ltGyInMuHUizBfuWFVK4Cg==,remote,edge1,edge2,104857600,39071,39071,39028,2603,151,36232,21,2593,18
MU2hLl1UX0K5QulOg1szFA==,none,null,null,0,0,0,0,0,0,0,0,0,0
97VK7jalC0CvYjnxiluhbQ==,local,null,null,0,81249,81249,81244,3132,331,77747,0,2132,8
2AjpjYtZ30K+ftKlYr40Jw==,none,null,null,0,0,0,0,0,0,0,0,0,0
VtyTb86jJk6VkeCntn4vsw==,remote,edge1,cloud1,104857600,39740,39739,39567,3760,205,35515,86,3757,84
ZRAL1Gb2SEKes9i1SxJwNw==,remote,cloud1,edge1,104857600,47742,47735,47730,3626,183,43900,1,3622,3
LM3B1SDY7UO56cyfUQR64w==,remote,edge2,cloud1,104857600,35666,35664,35496,3365,214,31743,86,3361,83
Zjk4IqDmDU670eP40aCvnA==,remote,edge2,edge1,104857600,35946,35946,35944,2612,141,33182,6,2601,3
09lsWyNZ4k64YlBmmz2nyw==,none,null,null,0,0,0,0,0,0,0,0,0,0
bQ2DIciPDkiNV000ywxMZQ==,remote,edge2,cloud1,104857600,34645,34639,34472,3870,216,30214,167,3868,83
9nvmvEr0ZkmrizfFiUGu9Q==,remote,edge1,edge2,104857600,39076,39073,39028,2772,172,36045,17,2741,21
2YNtGUiEaEeGqgbeA4d4hQ==,remote,edge2,edge2,104857600,37727,37727,37691,1001,192,36452,41,991,17
2hTgdQ2SfEuMGQ865ZOoaA==,remote,edge1,edge1,104857600,54651,54651,54619,3052,191,51353,3,1358,3
dGZ+0JLYWUCEhcIuNWYtzw==,remote,edge2,edge1,104857600,55223,55221,55217,3892,169,51148,2,2887,2
EK7711bARE6QIk5fDpJwwg==,none,null,null,0,0,0,0,0,0,0,0,0,0
E6RnF5j5GU2VofVtAo3b/w==,none,null,null,0,0,0,0,0,0,0,0,0,0
3pDf1d0MeEWuNk+rtG95dQ==,remote,edge1,edge2,104857600,73297,73296,73259,2997,275,69958,17,2985,18
/OLTHWPd/0qwzGv+UCeiBQ==,none,null,null,0,0,0,0,0,0,0,0,0,0
Brss5dcsVkicn9UngqzAIA==,remote,cloud1,edge2,104857600,39778,39776,39741,4322,204,35174,17,4319,22
l6ORy+i1xUGp5fIG/c5BPw==,remote,edge2,cloud1,104857600,34728,34727,34559,4588,231,29561,83,4586,84
izZDCuP6R0yYCkvO+hFIZA==,remote,edge1,cloud1,104857600,56118,56116,55951,4615,216,51034,81,3662,82
6K5TqAxGJU61lozPCutQVQ==,remote,cloud1,cloud1,104857600,32149,32147,31979,1072,214,30606,84,1070,83
YK4P6W+9jEKWl9h0yN8V3g==,remote,edge2,edge1,104857600,35430,35430,35425,2972,144,32298,1,2967,4
fgRRTjHbs0KZy0gMaLlz7Q==,remote,edge1,edge1,104857600,58671,58669,58657,1045,136,57464,2,1013,2
QtMseWlGAUuxOMN76byyMQ==,remote,edge2,cloud1,104857600,63699,63696,63526,3402,377,59555,84,3400,89
hS8EvECIIUSYv2cavisjbQ==,remote,edge1,edge1,104857600,44991,44990,44986,1459,145,43375,3,1456,2
tEihLygxm0acmLg2IyraWw==,none,null,null,0,0,0,0,0,0,0,0,0,0
x+jmxBXYy0yVkaZDzQHk7w==,remote,edge2,edge1,104857600,35528,35527,35525,2939,137,32441,3,2920,3
ebi9GZLch0qPxew3yH3cHw==,remote,edge1,cloud1,104857600,42651,42650,42484,3786,212,38398,86,3784,84
EmPY7IU2E0KYfAhHBG6Gsg==,remote,edge1,edge1,104857600,33629,33628,33615,968,151,32484,2,959,3
km1bKaHsmU+4pGqoQymHgw==,none,null,null,0,0,0,0,0,0,0,0,0,0
/U1NexJHdUyyveLpCBEp1w==,none,null,null,0,0,0,0,0,0,0,0,0,0
HbuyECxBnkG6RJ8IFeJdLQ==,local,null,null,0,35890,35890,35855,177,164,35475,0,169,24
CNtJTNPOyE+cUpSXoItiQA==,remote,edge1,cloud1,104857600,64937,64923,64753,3714,273,60659,83,3712,83
zFrCTD69pU29Yj+2bVrYmA==,remote,edge1,edge2,104857600,74161,74160,74125,2676,347,71051,36,2672,33
hocuy1TvskKLZ2wavWTwiQ==,remote,edge1,edge2,104857600,38751,38750,38714,2649,181,35843,34,2643,18
hQ1oPYCoE0mFY0afyL1HyA==,remote,edge1,cloud1,104857600,61040,61040,60874,3676,454,56546,83,3674,87
n6vAhSLGcU+dLNy1h5J3rg==,remote,edge2,cloud1,104857600,40232,40231,40063,3750,253,35886,83,3724,85
PoheR+rhvEm0I/fyk5+ENQ==,remote,cloud1,edge1,104857600,36596,36595,36594,3639,177,32754,1,3637,22
fje2S1NhZ0GQiU6wO4Ik+Q==,remote,edge1,cloud1,104857600,53467,53464,53283,3851,206,49024,86,3845,83
Q74qnlDNr0u41MFLrWCaIw==,local,null,null,0,80712,80711,80541,335,217,41123,0,308,83
fzuK24eUFkO2jB5Ylr4ZxA==,remote,edge2,cloud1,104857600,84802,84800,84624,3358,493,80598,83,3355,92
YyBFS9VEqUWxtTCKZe9FSg==,remote,edge2,cloud1,104857600,36205,36204,36030,3517,208,32132,166,3513,82
ea2j5w/0l0yRb/+/mBhzsQ==,none,null,null,0,0,0,0,0,0,0,0,0,0
KjxvvJt/KUW+mzWK6MTwMg==,remote,edge1,cloud1,104857600,55791,55790,55625,3726,260,51470,83,3721,81
JdcgkSx2L0C3QevnoVxU7w==,remote,edge1,cloud1,104857600,82103,82102,81934,3819,266,77756,84,3815,83
qGq8CPrnr0ymhaK0fxZioA==,remote,edge1,edge2,104857600,48039,48037,47992,2809,267,44880,18,2811,20
hz8l5aET1U+Hxc2ECr1Mqg==,remote,edge1,cloud1,104857600,34052,34052,33882,3814,221,29671,83,3808,85
jkU74MhICEu3TaBni/rgNg==,local,null,null,0,37553,37551,37507,595,164,36701,0,594,18
GnYnHMquWE6+lFpyNC1Plw==,remote,edge2,edge1,104857600,83248,83247,83222,5559,230,77427,13,4568,2
UaF5nutr+EK1icZtgSI51A==,none,null,null,0,0,0,0,0,0,0,0,0,0
c6LdSJZDX0ukWnIr7LqxMw==,none,null,null,0,0,0,0,0,0,0,0,0,0
jLs7J0kPAUarqzAb1HACgA==,remote,cloud1,edge2,104857600,43684,43683,43592,4475,274,38620,36,4372,33
QDbAwK02Bkato3U/labMPQ==,remote,edge1,cloud1,104857600,43109,43109,42943,3854,283,38629,84,3846,83
PSIulnufnUGc4I9hK7OEmA==,remote,cloud1,edge1,104857600,57681,57680,57674,3659,210,53783,1,3656,3
bEtoEjDnY0W4MBdeMmb42g==,remote,edge1,edge2,104857600,74964,74963,74925,2658,163,72078,18,2654,17
x4Hr0fh8V02v6Mjjsgg9tA==,remote,edge2,edge1,104857600,84487,84486,83476,4639,132,78699,6,2625,1
1GhxOXro1kS7SNW6PkXosQ==,remote,edge2,edge1,104857600,35547,35546,35542,2840,148,32546,2,2828,1
5/7O5cW5TkSHFHQz/bQGhA==,remote,cloud1,edge1,104857600,65114,65109,65102,3675,208,61206,16,3665,3
