tId,dataPullType,FromZone,ToZone,DataSize,TotalDuration,TriggerStepClientDuration,TriggerStepServerDuration,DataPullDuration,DataPushDuration,ComputeDuration,DataMasterPullCall,DataPeerPullCall,DataMasterPushCall
hMIGhdRtT0yH8Ae37e81OQ==,remote,edge2,cloud1,1048576,1439,1437,1273,698,88,399,92,694,84
+NETIr9Mu0up+6gX48xuRA==,remote,edge2,cloud1,1048576,1428,1428,1262,770,97,305,83,766,85
xLpz52bBp0eBhxupfgLtrA==,remote,edge2,edge1,1048576,611,611,613,168,33,392,16,167,2
Fl0+dEyZU028WC67+WqZVg==,remote,cloud1,cloud1,1048576,805,804,637,132,96,318,85,130,83
Y4EbmNMJrk64vWj2cx11Lw==,remote,edge1,edge2,1048576,605,604,566,176,35,329,24,175,18
LMk16AUF106/uV1fNlGLyQ==,local,null,null,0,474,473,461,9,14,428,0,4,1
+Cg08OwRE0aWec3W/bKGPg==,remote,edge1,cloud1,1048576,3274,3273,3104,2396,97,523,84,826,84
oHGbTJ/rd0iksmT4Bz4stg==,remote,edge2,cloud1,1048576,1480,1479,1312,764,96,356,84,764,83
KSWxM6zol06EJKniaxv2Dw==,none,null,null,0,0,0,0,0,0,0,0,0,0
a0z4zUMOskiwdpMERVe0GA==,remote,edge1,edge1,1048576,1462,1461,1332,164,15,842,7,30,2
BllaarJT1kuRiqaPtF9myg==,remote,edge2,cloud1,1048576,1853,1852,1687,777,91,727,88,769,83
c4nwx9saQEKjyNoTtUoVgg==,none,null,null,0,0,0,0,0,0,0,0,0,0
WnuK1wezAUG/SEojMoEsdw==,remote,edge1,edge2,1048576,606,604,568,176,33,333,22,174,17
4S8NMJLme0yjqvitLrXHMA==,remote,edge1,cloud1,1048576,1499,1499,1332,831,92,313,84,828,84
Bt/3WpcynkyDbgMM9OlyHQ==,none,null,null,0,1,0,0,0,0,0,0,0,0
wQ9sjnRbskKoU6mLlVRGLw==,remote,edge1,cloud1,1048576,2739,2738,2495,982,107,884,87,862,87
G2xtASY5gEa9oOOGQTOIOg==,none,null,null,0,0,0,0,0,0,0,0,0,0
/L5sufZk6EWmq/GMfhWa/g==,none,null,null,0,1,0,0,0,0,0,0,0,0
gKpTS5KFPUqTLwr8+oS4KA==,remote,edge1,cloud1,1048576,1566,1563,1397,830,94,384,83,827,84
dEbLtqBSiEGl04kAuoKMsw==,none,null,null,0,0,0,0,0,0,0,0,0,0
k58JfkmlwEqJgVES+ET5eg==,remote,edge2,cloud1,1048576,3673,3672,3295,990,106,1793,94,789,90
rA59WXbiG0Krq6Ah6yqtQA==,remote,edge2,edge2,1048576,511,510,473,47,39,365,17,47,18
q5c8YzuJU0+HNhg4WTl+vQ==,remote,cloud1,cloud1,1048576,991,989,822,181,107,417,84,178,89
4m8OWFRrQ0GQVa0CyntDdQ==,remote,cloud1,cloud1,1048576,2861,2860,2631,931,126,1049,320,710,87
jaLXtaz6LU2FryCmYWguhA==,remote,edge1,edge2,1048576,1867,1806,1600,482,43,828,25,350,18
kkgrGCfIRky12ICV/wM6lg==,remote,edge2,cloud1,1048576,3462,3337,3110,1578,130,813,292,1368,90
uV6NFtMfPkiUZur43XzHHg==,remote,edge1,edge1,1048576,659,657,650,49,25,528,2,43,8
dHR56iNf7EK44/w5ejzY3Q==,none,null,null,0,2,0,0,0,0,0,0,0,0
OYUnMNO4EUOnseKSYHtMMw==,remote,cloud1,edge1,1048576,1414,1412,1406,792,10,579,1,769,3
WsBUWupupkmHst9vuwXaSA==,local,null,null,0,2384,2384,2319,849,24,1213,0,5,8
yehyF4r7oECXuAeP/OU+Lg==,remote,edge1,edge2,1048576,2147,2112,1911,782,64,761,132,594,22
ypaoD3XGyEKA8/fijMxUtg==,remote,edge2,edge1,1048576,2169,2067,1970,850,43,819,166,685,5
CCwUep5zakWfZwmPvXGXWA==,remote,edge2,cloud1,1048576,3294,3293,3125,2408,91,538,84,835,83
/1Eggn1EqUKI5QH4CweiXw==,local,null,null,0,1759,1757,1519,135,124,832,0,7,92
7hk7j3Z91ESjxMDXiVc9zg==,remote,edge1,cloud1,1048576,1554,1552,1383,835,93,362,83,832,83
6+w5xLdIIU68IM4hAmS82w==,remote,cloud1,cloud1,1048576,2695,2694,2481,217,151,1854,88,180,91
rAq24lp9LEyLgWbFl3BUfg==,none,null,null,0,0,0,0,0,0,0,0,0,0
Gx4cSFfgkEW/z6uNuVoPrg==,none,null,null,0,0,0,0,0,0,0,0,0,0
za9TjsAPyUWwYakCVQHx/w==,remote,cloud1,cloud1,1048576,1926,1924,1678,276,107,865,83,140,87
K/XDcev5xEGrVvdBNua1Gw==,remote,cloud1,edge2,1048576,2032,2031,1932,895,54,745,17,770,18
XtgtWvnfqUu6WzDjIeXhUA==,remote,edge1,edge2,1048576,1418,1416,1332,289,27,801,18,170,17
qSZttaixaEWAi74JMcLZZg==,remote,edge1,edge1,1048576,1336,1334,1271,217,27,821,12,96,2
jsybsBZLrUOWdGLYtprHaA==,remote,cloud1,edge2,1048576,1134,1133,1097,708,33,323,17,698,17
IczAmLQItEu2IwnOOOno0Q==,remote,edge1,edge2,1048576,719,718,681,179,48,428,21,178,17
ROM0uZVPIEucDHIpiyRD3w==,remote,edge2,cloud1,1048576,1568,1566,1398,835,90,385,83,834,83
93zVvyr4k0yXdtBDqyedcw==,remote,edge2,cloud1,1048576,1469,1468,1291,769,91,339,84,764,83
qLxoj5ZBoUue3fdwYnShCA==,remote,edge2,edge1,1048576,2384,2381,2325,1046,24,1024,1,216,0
n3seBbIszUiNIovC4jez2w==,none,null,null,0,0,0,0,0,0,0,0,0,0
S9Fd8WQSRkCiw3XWQHWEnA==,remote,cloud1,edge2,1048576,2000,1999,1905,901,28,745,17,767,17
vfpD0uyHD0WN0l/rqtX4KQ==,remote,edge1,edge1,1048576,639,638,620,60,26,520,1,59,3
gtSro1I7M0iV+RTe4LnB2Q==,remote,edge2,edge1,1048576,687,686,681,270,17,377,9,252,3
i7LrA5qxW0WCPCMSLBgkTg==,none,null,null,0,0,0,0,0,0,0,0,0,0
KfBduKDQmkKrpCkp67XfLw==,remote,edge1,cloud1,1048576,1618,1616,1448,839,108,409,84,833,88
w9K8cJ/zIUWtDsJwu9rCzw==,remote,cloud1,edge2,1048576,1228,1227,1186,722,41,379,19,713,22
7OYsraDevE6n64aYu/0pXA==,none,null,null,0,1,0,0,0,0,0,0,0,0
CzwqDvCqA0qdCNZrlTEB0w==,remote,edge2,cloud1,1048576,2516,2510,2282,1010,106,776,99,857,88
PEdhISBDQ06fu3YW1mvILg==,local,null,null,0,762,761,592,3,91,409,0,2,84
QUKfJg7VqEibvAUOdJUUTQ==,remote,edge2,edge1,1048576,1564,1563,1474,298,32,840,6,181,7
petXvSULcUqjJsMHZ0iLzA==,remote,edge2,cloud1,1048576,1934,1933,1768,779,106,791,90,766,83
qo8IZ0twH0mt74hPmWagFg==,remote,cloud1,cloud1,1048576,1802,1802,1603,180,100,1201,84,159,86
