tId,dataPullType,FromZone,ToZone,DataSize,TotalDuration,TriggerStepClientDuration,TriggerStepServerDuration,DataPullDuration,DataPushDuration,ComputeDuration,DataMasterPullCall,DataPeerPullCall,DataMasterPushCall
ihv9Axm7ZUm91cTCExpLOQ==,remote,edge2,cloud1,104857600,5190,5188,5025,3496,1282,162,82,3493,83
px+lfdu9XU2z5GOVdayr4Q==,remote,edge2,edge2,104857600,1962,1960,1926,1491,217,196,17,1488,17
T5mJfBjM/0O/1Yl8EKTwKw==,local,null,null,0,925,924,879,539,159,160,0,535,20
+lOdrhGoF0eukPw70ZODRw==,remote,edge2,edge1,104857600,2919,2917,2915,2543,152,208,1,2541,1
M52m8LhmUkSHiZzXFX5Png==,remote,edge1,edge2,104857600,3068,3067,3033,2628,163,218,18,2627,18
MNLxwIs6GUahUCcBUVLL4A==,remote,edge2,cloud1,104857600,4346,4345,4181,3429,448,215,86,3426,83
xGWG7EwT2EK4y5YkFkzrzw==,local,null,null,0,469,468,435,108,139,166,0,106,18
tJ4RYLwz40iOjJ1ttsFPcw==,remote,edge2,edge1,104857600,3214,3213,3207,2763,208,226,3,2723,4
7W/Iq+vfv0eNuA+z7Tat2w==,local,null,null,0,3369,3369,3197,254,2679,169,0,206,82
WTQRDSp0iUCmXDJBeJ2gxA==,remote,edge2,cloud1,104857600,5518,5516,5353,3422,1641,202,84,3421,83
TveZ3ZVC90iQYcgvj9TTwA==,remote,edge2,edge2,104857600,1553,1553,1517,1151,154,190,17,1150,17
dHbRc88AXEKkRudQAYZ8gw==,local,null,null,0,2000,1999,1837,1344,228,180,0,1341,86
nk8XyfWubUifRt1vQuZg1Q==,none,null,null,0,1,0,0,0,0,0,0,0,0
dL9UpJKM40upeDo04YOqww==,remote,edge1,cloud1,104857600,4428,4426,4256,3757,224,182,83,3753,94
NB8RyYvfvUyx6HMvtYgufA==,remote,edge2,cloud1,104857600,4827,4825,4663,3343,1039,195,82,3342,85
7osqc/I8BEq4QStfB+9YZw==,local,null,null,0,510,508,507,129,161,209,0,127,2
IFO/xjTpPk6O1/Uuk7dgyA==,local,null,null,0,531,530,496,121,154,200,0,117,18
afqyMnJsfkanN3lgHGzHTA==,remote,edge2,edge1,104857600,3813,3812,3809,3440,157,203,3,3435,2
zOotJEqnGUC5TV4k4jW+XA==,remote,edge1,cloud1,104857600,4419,4417,4251,3752,236,173,84,3751,83
KRG0nmekZU6T2Sne88GBEw==,remote,edge1,edge2,104857600,4384,4380,4346,2741,1414,169,19,2704,19
UztQj/PSCkCehi4QJz0/bQ==,none,null,null,0,0,0,0,0,0,0,0,0,0
S9We/Jo3nUmNx7KMtVDkYg==,remote,edge1,edge1,104857600,1367,1366,1358,1002,162,182,1,1000,2
xV7YC02bSUaLF7edSKuY/A==,none,null,null,0,0,0,0,0,0,0,0,0,0
pVno7y3U1EGi6WlhNX2piQ==,remote,edge2,cloud1,104857600,5793,5791,5619,4124,1139,269,82,3476,82
VDfDxIz0V0+YmRpwhJNLAQ==,none,null,null,0,0,0,0,0,0,0,0,0,0
4NoRMH2Li0iWrK6qEKhvGQ==,remote,edge1,cloud1,104857600,5653,5653,5490,4063,1135,207,82,4063,83
Zb/BiiNISk6mRXss8OePjw==,remote,cloud1,edge2,104857600,3835,3835,3800,3365,196,218,19,3363,20
GyUEcMPJgUuFaXJ8U5+Mkg==,remote,edge1,cloud1,104857600,4402,4401,4235,3763,214,171,83,3762,83
VyKFiW8ZWkyaI1bajP791Q==,remote,edge1,edge1,104857600,1332,1327,1322,965,153,193,3,963,1
zoNfMYZc5U2K2OuFdrAOsQ==,none,null,null,0,1,0,0,0,0,0,0,0,0
BygVfDZYf0CcYST/Cqzq7w==,local,null,null,0,771,770,604,113,206,197,0,111,83
rkw/972NakWgX/dmpnT8aQ==,remote,cloud1,edge1,104857600,3962,3957,3952,3617,136,188,3,3616,1
ATkxtEvtTk2E2Tgs82ZynA==,remote,edge1,edge1,104857600,3369,3367,3361,2921,192,243,6,1004,6
8VLfJYBHH06a+PK7ISaZNA==,remote,edge1,edge2,104857600,3121,3120,3087,2702,172,187,18,2700,18
4qPyOtomDkiQhKsAr+y94A==,remote,edge1,cloud1,104857600,4802,4801,4638,3648,629,270,84,3645,85
16Oezabw1Eufmfu4EIjV5g==,none,null,null,0,0,0,0,0,0,0,0,0,0
UwDdrU5ROEKR5/2PmVjZUw==,remote,edge2,cloud1,104857600,4410,4408,4242,3793,204,159,83,3792,83
kbK1y49MoUmoP1FquhZM2w==,remote,edge1,cloud1,104857600,4333,4333,4166,3685,204,190,83,3683,86
YfX1PEmfgkinsp09X4iqSg==,none,null,null,0,0,0,0,0,0,0,0,0,0
MvNrrcg690mFLofpUv3RRQ==,local,null,null,0,568,567,527,146,177,179,0,134,18
lm3B+YSB40yN54QMZaSaoQ==,remote,edge1,edge1,104857600,1308,1308,1304,979,136,180,1,977,1
q9nfAYBBjU2AyJBdD32s0Q==,remote,edge2,cloud1,104857600,4079,4079,3912,3432,219,168,83,3430,83
FaBam4Buuk+yvUKmW7nJSg==,remote,edge2,edge1,104857600,3169,3168,3167,2833,131,194,1,2833,1
oB2M/DXMPUK+2LYE3PEVAg==,local,null,null,0,549,547,513,131,163,198,0,130,19
B4as/GIEOUK0HuiAHPVcYQ==,remote,edge1,edge2,104857600,3016,3015,2978,2640,145,171,18,2638,19
/k14gi/GdkKGvmwG/kNk6A==,local,null,null,0,753,751,589,112,225,167,0,111,82
dYlr+569E0aBpHSMJR0u+g==,remote,edge1,cloud1,104857600,4422,4421,4259,3715,261,191,82,3714,82
y6l7Q2MgxEmQRraoXURSjQ==,none,null,null,0,1,0,0,0,0,0,0,0,0
2ovr9xQZAkuD4p77283qqw==,remote,cloud1,edge2,104857600,3824,3823,3789,3406,157,202,18,3401,18
6dCid5APJ0yJZbPxYEB1+Q==,remote,edge2,cloud1,104857600,4061,4059,3886,3411,214,173,85,3409,84
wdWEUw8lP0+lb3iaHVB9sg==,local,null,null,0,985,983,821,335,212,186,0,336,82
6eciVcsvmUafMPymHBcV6w==,remote,cloud1,cloud1,104857600,1715,1714,1548,1060,220,181,83,1060,83
i5YGMojDF0yzsUcTO6ItAg==,remote,edge2,cloud1,104857600,6545,6544,6382,3380,2728,188,82,3380,87
Bip3TCLSwEqrRDkxnL3yHA==,remote,cloud1,edge2,104857600,5475,5474,5440,5037,167,199,18,5032,18
9S5L1k01+kyej3Ds1BWpxw==,none,null,null,0,0,0,0,0,0,0,0,0,0
TMwhDSpXC0OozXcJRLqlJg==,none,null,null,0,0,0,0,0,0,0,0,0,0
R8X+is7bBk+N3ZECY1Z8CQ==,none,null,null,0,0,0,0,0,0,0,0,0,0
hSwokpk+TU6PLq2cCkBt2Q==,none,null,null,0,0,0,0,0,0,0,0,0,0
9upfdNw+NkqBG/QGl4aNEQ==,remote,cloud1,edge1,104857600,3924,3922,3918,3583,142,189,2,3582,2
JKEZjJJLMkOptKg+zGM1nw==,remote,edge1,cloud1,104857600,4346,4345,4183,3644,279,170,83,3644,82
494w==,local,null,null,0,807,806,644,135,230,193,0,133,82
7600,4740,4685,4557,3582,247,483,133,3364,26
