tId,dataPullType,FromZone,ToZone,DataSize,TotalDuration,TriggerStepClientDuration,TriggerStepServerDuration,DataPullDuration,DataPushDuration,ComputeDuration,DataMasterPullCall,DataPeerPullCall,DataMasterPushCall
Tz2EQOWNpUS82PogM0Yx3g==,remote,edge2,edge2,10485760,3402,3402,3380,143,40,3166,25,142,31
jRKEwWTAY0WiGjw7kxrgwg==,none,null,null,0,0,0,0,0,0,0,0,0,0
IAjcoYX6vkGfc0iFogi0zw==,remote,edge2,cloud1,10485760,6200,6199,6117,1189,101,4739,95,1185,93
aP/1d4NP/ECo8piY9W87OA==,local,null,null,0,5619,5618,5600,5,53,5512,0,4,33
BD9yCIPcOUCcDkLNhublzg==,local,null,null,0,6363,6362,6343,18,858,5443,0,9,30
xr24hCPFO0Sk49HsPa46Lg==,none,null,null,0,0,0,0,0,0,0,0,0,0
cZlEZqkk8UqKn7tiq+Mj1A==,none,null,null,0,0,0,0,0,0,0,0,0,0
0ArdTt9fQ0uQOmb0zrxxFQ==,local,null,null,0,2602,2601,2600,4,12,2580,0,3,6
0/vLVV9FrEy4YW5swcKeyQ==,local,null,null,0,9167,9166,9165,107,76,8877,0,92,15
vKAvEXALhUa1llsgO6l0Ig==,remote,edge1,cloud1,10485760,6042,6040,5957,1256,106,4506,95,1255,89
3Cy6ig1uak28urBxngBMJw==,none,null,null,0,1,0,0,0,0,0,0,0,0
f4MzJFipq0Sz2gx5meCt+Q==,local,null,null,0,5181,5180,5174,25,58,5065,0,17,12
/bYcoBCZpUaPPgMO7WK+kQ==,local,null,null,0,2574,2574,2573,4,13,2551,0,2,8
lKvE7zeRrEqmeXQ6opRkdA==,local,null,null,0,2605,2604,2603,4,15,2580,0,3,8
ZTyr0paY5k2YARvHD/BYIA==,remote,edge2,edge2,10485760,3494,3493,3476,155,46,3252,22,153,35
eN5o5frTWkq4YNZwhIhePQ==,remote,edge2,cloud1,10485760,5947,5946,5863,1198,101,4475,94,1193,93
Y2dySrcugkGDN4c7YR6SYw==,remote,edge1,cloud1,10485760,4856,4855,4774,1187,97,3401,89,1185,90
FMgMiv8DVk2FMRN93UMLNA==,local,null,null,0,3541,3540,3523,12,35,3452,0,3,27
GbluHnFpUUOQ8zL48Kj1kg==,local,null,null,0,6261,6259,6181,81,46,6010,0,64,21
7Pg0zDdtykufj486dDw86A==,local,null,null,0,5711,5709,5650,21,35,5560,0,11,26
FzzH9qUplES8xb8Fe66T0w==,remote,edge2,cloud1,10485760,5767,5766,5685,1758,95,3743,87,1757,85
njsTd1lCZUq6ManOSzdwmA==,none,null,null,0,0,0,0,0,0,0,0,0,0
56w5FmQxH0+/NWSBOjhazg==,local,null,null,0,4395,4393,4388,37,46,4253,0,28,10
KNrc08R0fUGdrmJ+9C1P8A==,remote,edge2,cloud1,10485760,6215,6214,6131,1198,99,4747,91,1196,89
iM5bzQg16U6tCAven1n6VQ==,local,null,null,0,4950,4949,4940,35,26,4852,0,26,10
CxYENasGQ0SVU+0lyFjhzQ==,remote,edge2,edge2,10485760,3299,3298,3281,137,31,3092,25,136,24
+TN9UNK0jUCV8V6oZ5W8vw==,remote,edge2,cloud1,10485760,4641,4640,4558,1178,102,3193,86,1177,93
jJ+4oUyuFkueYfOqMwF/gQ==,none,null,null,0,0,0,0,0,0,0,0,0,0
blqQ7nsfXUutEBaqXDNkgw==,remote,edge1,cloud1,10485760,6265,6264,6182,2001,112,3981,94,1184,96
HhRKmOK3pk2NR+VPokQlrA==,none,null,null,0,0,0,0,0,0,0,0,0,0
y6CFZK+JyUK0LkpZidN4GQ==,none,null,null,0,0,0,0,0,0,0,0,0,0
pUZ51DR9MEad7g3LpXA2GQ==,local,null,null,0,8558,8558,8531,125,117,8217,0,94,19
7h34cEgfYUeGZdTqRQUhXg==,local,null,null,0,3388,3387,3371,7,30,3311,0,3,22
sqqG0Ru+ika2GbhmjzO0bg==,local,null,null,0,2792,2791,2786,10,28,2706,0,5,10
tFGb38KqzkOZqFOZQc/T9A==,remote,edge1,edge1,10485760,2708,2706,2705,116,9,2574,3,115,4
OxRQ2Lalz0yQVxGMmuhrWw==,local,null,null,0,3224,3223,3207,4,41,3138,0,4,33
q3rccGycYk2KAuchjWV0lQ==,none,null,null,0,0,0,0,0,0,0,0,0,0
Ul+hERa5TUmnpunf0MVi2A==,local,null,null,0,3311,3309,3292,5,40,3225,0,4,30
SswOVlGBHUO864tmcN7vlA==,remote,edge1,edge1,10485760,3043,3042,3042,483,14,2538,10,482,7
LIQt+57Bh0GWzD+d/XjNDQ==,none,null,null,0,0,0,0,0,0,0,0,0,0
7fj30Rofm06u1TRHCGG3hg==,local,null,null,0,8953,8953,8945,863,122,7918,0,54,20
9l/WnooNykyBVQHX/MwVow==,none,null,null,0,0,0,0,0,0,0,0,0,0
rK1ygPB5FkWqoSAXu0vXsg==,local,null,null,0,5612,5611,5594,70,71,5382,0,47,22
v7sq0n1iXkOgFbsC86CmBg==,local,null,null,0,4950,4949,4939,35,102,4756,0,31,21
OG1aVlLxQE69AwcPHQUNNw==,none,null,null,0,0,0,0,0,0,0,0,0,0
e9kdvnB2B0yiPht/NcGNkQ==,remote,edge1,cloud1,10485760,4540,4538,4455,1264,92,3013,92,1263,86
CSHCqRMivUSniqjhLXh4CQ==,local,null,null,0,2573,2572,2570,4,22,2537,0,3,14
GUAGbvLIR0yJB46KMScCeg==,local,null,null,0,9571,9571,9561,863,39,8638,0,66,4
5IibVyJgJEKQV7cQkm06Jg==,local,null,null,0,5619,5618,5601,10,38,5528,0,8,27
8dW/6+wvW0udEBDs3AlgAg==,remote,edge2,cloud1,10485760,6436,6434,6351,2129,106,4029,107,1213,98
kZrziM/VIEqSj7On+oR3pQ==,none,null,null,0,0,0,0,0,0,0,0,0,0
SrYIHqx0mUW3Ynu3/vSnTg==,local,null,null,0,6591,6591,6574,8,1009,5536,0,6,29
ExiF8YX/5U64TGQ9AxnNcw==,remote,edge2,edge2,10485760,3432,3432,3415,205,33,3156,27,203,26
qylDdrknwE6WrFisk+GOmw==,remote,edge1,edge1,10485760,3005,3005,3004,403,11,2585,8,402,5
Q/utBIQ81kWjLgT6n2vzmg==,remote,edge1,cloud1,10485760,4546,4546,4463,1180,97,3099,90,1179,88
ncltHF57AUSQmfr2gEk/xA==,local,null,null,0,2609,2608,2607,4,20,2580,0,3,14
tadZnx84gUupwGjG1ToTcw==,remote,edge2,cloud1,10485760,5025,5024,4935,1200,95,3554,91,1185,85
CAEztj76iEuHpHCN7fGafQ==,remote,edge1,cloud1,10485760,4429,4428,4344,1182,121,2955,94,1180,114
BokUCGHiR0OqPKmZUdk5Zg==,remote,edge2,cloud1,10485760,4868,4866,4785,1183,104,3412,90,1182,90
t3a3DO5cakGR4zYJDCjCrQ==,none,null,null,0,0,0,0,0,0,0,0,0,0
yhj/+A/wjUaXwkY4elHrqg==,none,null,null,0,0,0,0,0,0,0,0,0,0
i1vGjs5a60eUXj3sG3y+kg==,remote,edge1,edge1,10485760,2783,2782,2780,191,24,2558,9,190,17
83x0382vRkqVYdiC962lHQ==,remote,edge1,cloud1,10485760,5361,5360,5279,1258,102,3832,110,1257,95
/kYESIeoZUih3kQ8ZVjVnw==,none,null,null,0,0,0,0,0,0,0,0,0,0
n0me/XRpJ0iDAG5DoKxJdw==,local,null,null,0,3242,3241,3226,6,41,3155,0,5,34
Kmzzdy3VMkGiX859dZiIFg==,remote,edge2,cloud1,10485760,4762,4761,4680,1176,93,3325,86,1175,85
JJjBUO0MVkmHZXuSGaoZWA==,local,null,null,0,3250,3248,3232,5,31,3175,0,4,23
IH1GmSmWSU6Ksthk2qnybg==,remote,edge1,edge1,10485760,2787,2786,2784,175,10,2591,13,174,4
ciyVzBfQiE2D37zDu4gcJQ==,local,null,null,0,3227,3226,3210,4,31,3152,0,3,24
MZ567u4etka7RDjCfPy8Qg==,local,null,null,0,8711,8710,8695,66,68,8436,0,54,14
B3k/KHiqVEqNxcoJnYXChw==,local,null,null,0,6498,6497,6480,21,991,5446,0,12,30
inFzm32OO0+TXEMAezXVyg==,local,null,null,0,5578,5578,5561,33,39,5458,0,20,27
DP9W0eOLC0y8WLjAt5yLpA==,local,null,null,0,2605,2604,2603,6,27,2565,0,6,20
2CrHAihAS0ayovTNVI+/wg==,none,null,null,0,0,0,0,0,0,0,0,0,0
8dXaD4kIIkq3kn6Osi8Q5g==,local,null,null,0,5868,5867,5850,23,65,5718,0,17,33
h89H3ZBHbUWz+9j9Ezd49Q==,local,null,null,0,6429,6429,6390,871,50,5440,0,14,29
M2gquRV33UidUOBwMX9n8w==,none,null,null,0,0,0,0,0,0,0,0,0,0
n7/JsQNUk0iHhAu5fD7ClA==,remote,edge2,edge2,10485760,3344,3343,3326,140,36,3129,27,139,21
/eIzQTa3UEqNiBcnO2aiyQ==,local,null,null,0,5514,5514,5498,22,35,5418,0,10,22
Zz8LutY2QkWDNKVvSoLXZg==,local,null,null,0,3602,3601,3571,22,34,3492,0,18,21
c9UuIhPv2ESbVFWeyAp7eA==,local,null,null,0,2916,2916,2914,48,20,2833,0,29,9
5nzwHgBCyU+mpvMflDV08w==,local,null,null,0,3568,3567,3550,5,41,3483,0,3,30
MYzUHgxRS0mryTEbRPK6xw==,remote,edge1,cloud1,10485760,5781,5780,5697,1975,108,3529,87,1974,92
YidoMMz46kmGlQ6zcx6OBA==,local,null,null,0,6323,6322,6306,5,834,5445,0,4,33
znd1l/+6d0C9yU8WgvXclw==,local,null,null,0,9815,9815,9808,105,141,9479,0,99,31
v2Efwj7lP0+MGuQzc3yFBw==,remote,edge1,cloud1,10485760,4750,4750,4669,1207,94,3283,85,1199,87
3CLSuh3OOESpuS0iXAor3g==,local,null,null,0,2584,2583,2583,5,25,2547,0,4,19
yqA9gHgt1U2pSxU4C2WgLg==,remote,edge2,edge2,10485760,3573,3572,3555,196,34,3300,25,144,21
tMR30Wq7BUe93qb8VpTdcQ==,remote,edge1,edge1,10485760,3286,3286,3274,675,24,2569,7,674,16
OQB5QhJbcE+bH/fRxh1k0Q==,local,null,null,0,6492,6492,6467,869,61,5489,0,13,33
