tId,dataPullType,FromZone,ToZone,DataSize,TotalDuration,TriggerStepClientDuration,TriggerStepServerDuration,DataPullDuration,DataPushDuration,ComputeDuration,DataMasterPullCall,DataPeerPullCall,DataMasterPushCall
t1eOZzRKeUuZdMngPuSM/g==,remote,edge2,cloud1,10485760,7131,7129,7046,1629,115,5199,84,1076,83
2lBx22dfQk2khVsrMeZI7w==,local,null,null,0,7457,7457,7455,19,39,7389,0,10,8
9lPX2jMBnkuYjhsjuqlC1g==,local,null,null,0,6153,6152,6148,16,32,6080,0,7,4
b8vHaut+qki2PjOa5fVt9A==,none,null,null,0,0,0,0,0,0,0,0,0,0
r8ba6W2rrkmzDUrw3gODsQ==,remote,edge1,cloud1,10485760,9370,9369,9203,4085,95,4932,168,4079,83
FNKpmGYSqkCvBupvUbEt8Q==,local,null,null,0,6569,6569,6561,26,11,6517,0,19,2
s4asa+9vkEasVhc99v6hfA==,local,null,null,0,7083,7082,7077,21,12,7033,0,12,1
eE2NdrARQkiNDrBMDsDkkw==,local,null,null,0,8139,8138,8119,54,40,7994,0,38,17
oCFxwkjnRU+6Ur3Y82ASjA==,remote,edge2,cloud1,10485760,6883,6882,6799,1083,98,5521,82,1079,83
IXQ1wQfhY0O9TAhu1A2yVw==,remote,edge1,cloud1,10485760,8375,8374,8291,2010,95,6098,83,1149,82
jtsX/himD0q8rpWeKYnEYw==,local,null,null,0,12614,12614,12598,1877,47,10643,0,14,20
lLOfAgOzPkSTkt0lt+4rvw==,local,null,null,0,5547,5546,5543,34,9,5495,0,10,1
9Nos58gyPEy6r8k+O3iQTQ==,local,null,null,0,7197,7196,7166,27,24,7091,0,23,17
3E2uUS0VC0W6Ux8Wlh0QMg==,local,null,null,0,7582,7581,7541,22,44,7431,0,15,21
IqZJfhckvEmEVaeVvKlhZw==,local,null,null,0,8989,8988,8954,1005,54,7867,0,8,18
ZR/o3yDItU+m03ZVSHxf/Q==,remote,edge1,cloud1,10485760,10776,10775,10692,3471,93,7034,81,1891,82
tor6xSj3k0Spub2tqIpjEw==,local,null,null,0,7376,7375,7366,33,32,7288,0,20,5
rU82km4p/EyJTI08S4Nktg==,none,null,null,0,0,0,0,0,0,0,0,0,0
gTu6zhfYbEGZAF/phJpJVA==,local,null,null,0,5377,5376,5354,20,24,5282,0,12,17
Ec+kuBB3BkKVJ8WLxwYD3A==,none,null,null,0,0,0,0,0,0,0,0,0,0
Mo+etbdk/kmkX4y0UweYUg==,local,null,null,0,9625,9625,9608,1832,57,7687,0,5,20
q49YRS92LkaDbyNcbh4ptQ==,local,null,null,0,8742,8741,8738,1026,29,7664,0,26,4
tkEzCmk8tU+dKGZBKXjbYw==,remote,edge2,cloud1,10485760,9646,9645,9389,3007,89,6202,82,2007,82
AtLGsG8IQkGrfPbvA818jA==,none,null,null,0,0,0,0,0,0,0,0,0,0
HeeYYql37E660vu7ubpY1w==,local,null,null,0,7392,7391,7372,26,28,7292,0,18,17
OhWH4V8++kCJAv492Fnnuw==,local,null,null,0,7747,7745,7709,40,29,7592,0,34,21
VxjWoqJOCkuv02iNWUQVuw==,remote,edge2,cloud1,10485760,7799,7798,7714,2409,99,5118,84,1085,84
uycdeVCPwECyJ0fJWd971Q==,remote,edge2,cloud1,10485760,6173,6172,6088,1504,128,4361,84,1086,87
8wUl4t8vFEmVyGZobpxGsQ==,local,null,null,0,7915,7915,7897,16,59,7785,0,10,21
HYd2z4Iy9kGec+niB+U+xQ==,none,null,null,0,0,0,0,0,0,0,0,0,0
QDj8BAJZAEuyRk6YyvYrag==,none,null,null,0,0,0,0,0,0,0,0,0,0
f3OHOrZjz0aFuZipRA8K9g==,local,null,null,0,8621,8621,8586,1004,50,7480,0,5,24
wVb/lRPid0GOy0dW+FcCQg==,local,null,null,0,7798,7798,7786,19,48,7676,0,14,19
EN35iYAWBEe3ZY76BbvlbQ==,local,null,null,0,7867,7867,7864,28,30,7796,0,18,2
XS6+9BlkFUmIRuB1FCt5QA==,local,null,null,0,11017,11017,11013,1535,29,9420,0,9,7
T0tKd14tskqWxNdwhKeaSg==,none,null,null,0,0,0,0,0,0,0,0,0,0
QZKZ4vpTtEOnNCYkzhRUYA==,local,null,null,0,8635,8634,8628,1003,32,7582,0,5,3
JGRfijQmKE+zflbTlu0JaA==,local,null,null,0,7969,7968,7951,8,36,7857,0,7,20
cyN8KsiguUC9gHligq5BSw==,local,null,null,0,8150,8148,8147,1534,57,6543,0,10,2
rSWfX7sAgkaIWrcOC5vDMg==,local,null,null,0,7052,7052,7029,30,37,6941,0,20,17
Nm+BBpE4BEycrnqnIUco6Q==,local,null,null,0,10167,10167,10162,2008,42,8104,0,8,12
mxva5HVwrkah0gIAWfFH0w==,none,null,null,0,0,0,0,0,0,0,0,0,0
LzLt8oUTske+lAV1K0B3BQ==,remote,edge2,cloud1,10485760,10718,10717,10552,3500,112,6765,171,3311,84
mmTJ6fA8hEek3zOBA1yDIA==,local,null,null,0,7943,7941,7936,8,13,7906,0,9,2
zdqItatr30CcgPsWsItPUw==,remote,edge1,cloud1,10485760,9400,9399,9315,3447,91,5686,83,2437,84
0kgH9MZB9kePqtOvR0CP8w==,local,null,null,0,5711,5710,5701,22,9,5662,0,12,1
I9VtsKL7TEGQQq9GhGE9iw==,local,null,null,0,8116,8114,8098,1881,49,6138,0,13,20
RneXfowYdkSEa1ko3iBJ3g==,none,null,null,0,0,0,0,0,0,0,0,0,0
MB1nvvP3Rk2RDPrlDZ+NVg==,none,null,null,0,0,0,0,0,0,0,0,0,0
N63wdxew5Ua2P97IoPsBqQ==,local,null,null,0,9372,9371,9369,2017,27,7287,0,15,1
dTWbZ9DFvkGA0IN+W/WlBg==,local,null,null,0,7592,7591,7584,19,18,7537,0,7,6
S4gYovwt1UK1dqdLfapGgQ==,local,null,null,0,7243,7243,7242,32,31,7152,0,19,5
oCOqpPSOOkymt1EIeTb2MQ==,local,null,null,0,9313,9311,8468,1019,55,7358,0,13,20
w4ChrTWM6EO2j3FmWxax6g==,local,null,null,0,9258,9257,9216,1011,46,8132,0,12,31
B+jpHm8NdE6MJwVa2GgStA==,local,null,null,0,10376,10374,10358,1832,46,8444,0,6,20
kB0uxkt3X0agfblV1mepOw==,none,null,null,0,0,0,0,0,0,0,0,0,0
krExbXzWsEep8pt/kyZsFw==,remote,edge1,cloud1,10485760,10028,10028,9945,3951,101,5804,83,3943,83
jktuqrjLME+z8YNzBunaeg==,none,null,null,0,0,0,0,0,0,0,0,0,0
WJX5pC/ApUihPNF8YV8/FQ==,remote,edge1,cloud1,10485760,8443,8442,8359,1809,111,6347,83,1159,81
vOj6OXWxNEacmMF81H3uvA==,local,null,null,0,8357,8356,8327,21,56,8224,0,19,23
e25tu7GAH0mcaTZJDPgCzQ==,local,null,null,0,7088,7087,7083,32,25,7005,0,11,6
wzydCmtxuE+bkH18rXpD5A==,local,null,null,0,8491,8490,8490,1004,46,7431,0,5,7
6PrWmBJQwUqasz6NDwE3cw==,local,null,null,0,8456,8456,8441,38,27,8368,0,19,4
F9J2gz+XDEycwToVEBvnqQ==,local,null,null,0,9469,9467,8466,1013,37,7404,0,11,8
A34ZO6wWA0ulcAfrOhxFbw==,none,null,null,0,0,0,0,0,0,0,0,0,0
1zEpOSFzqUOHh3Txeuscbw==,none,null,null,0,0,0,0,0,0,0,0,0,0
MsPB6hgbxk24KOuxxMIgAw==,remote,edge2,cloud1,10485760,6360,6359,6275,1851,136,4094,83,1842,91
2FNsfUlFeE2aoOdJPkS+BA==,none,null,null,0,0,0,0,0,0,0,0,0,0
tPWJuVJCKUW/he4I+pobaQ==,none,null,null,0,0,0,0,0,0,0,0,0,0
4hNPDiyh6kicu5PLCEYuMw==,remote,edge1,cloud1,10485760,8466,8465,8061,1171,89,6708,93,1163,82
/uAG92ANR0ueJMchVV8XbA==,remote,edge1,cloud1,10485760,8350,8349,8266,1650,94,6422,81,1151,82
4X5z5ohlHE6JYShUNu9gnQ==,local,null,null,0,8410,8409,8405,23,28,8346,0,12,6
xDlKcoU1AEeEdIF613+TsA==,local,null,null,0,8259,8259,8220,17,38,8131,0,15,17
UfdbGKCw20mkM03dy4v/1g==,none,null,null,0,0,0,0,0,0,0,0,0,0
ntnMpf2likadgB+RekcbCw==,local,null,null,0,8314,8313,8294,22,38,8211,0,14,19
7bdlD6670k+LyL1gDa2KDw==,local,null,null,0,8075,8074,8072,22,40,7992,0,13,3
jiBjU9G7KEmTH1emjBj1iA==,local,null,null,0,8025,8023,8022,1535,21,6453,0,8,5
YrNzBTL4s0WpCSmT2YBuaA==,local,null,null,0,7421,7420,7402,24,35,7315,0,17,17
7KiYmespdUuU/Z4Yp/ilMw==,remote,edge1,cloud1,10485760,8186,8185,8105,1919,117,5981,84,1149,87
Lhtp1VEPwEeKNpEJlhNEHg==,local,null,null,0,7953,7952,7933,27,37,7839,0,18,19
vHfFbj6PnU+GshOf+0bAkA==,local,null,null,0,8303,8303,8286,1880,48,6330,0,10,19
ZVC/C5Yr6k+1knXeI0llNQ==,remote,edge2,cloud1,10485760,9374,9373,8405,1494,92,6730,85,1103,83
uYiWFw+CC0ekdeWCP0JtoQ==,local,null,null,0,7171,7170,7168,29,43,7080,0,25,6
4VpIV4BBQEevP7N09TDDUQ==,none,null,null,0,0,0,0,0,0,0,0,0,0
lcYAYTaQvUaY1P6qRippeA==,local,null,null,0,8039,8039,8031,18,35,7963,0,13,7
HddQowCshU6v4XBUu7XGkg==,local,null,null,0,8417,8417,8401,9,43,8312,0,8,19
xqXVC+nXbU+BrhPn6RYKeg==,remote,edge2,cloud1,10485760,11766,11765,10831,4284,91,6363,82,3279,81
jruRZPwU9kOH991W7/AGxw==,local,null,null,0,7904,7903,7878,36,53,7753,0,24,23
6qm4tR0Lp0WUkAKCQnoc/A==,local,null,null,0,7216,7215,7194,26,49,7085,0,21,28
0oxIhuJ7eUiKwKcjLp9fCw==,local,null,null,0,10229,10229,10227,22,39,10149,0,17,3
